Date,Date_Norm,Symbol,Type,Entry,SL,Target,Close,Status,Days_Active,Trigger_Date,Symbol_Clean
07-09-2026,2026-09-07,MFSL,SHORT,1509.95,1582.09,1293.53,1520.0,STOPPED_OUT,1,2026-09-08,MFSL
07-09-2026,2026-09-07,MANAPPURAM,SHORT,323.1,355.19,226.83,325.6,TRIGGERED,2,2026-09-09,MANAPPURAM
07-09-2026,2026-09-07,PVRINOX,SHORT,1125.65,1240.07,782.39,1156.5,STOPPED_OUT,1,,PVRINOX
07-09-2026,2026-09-07,CUB,LONG,248.9,221.14,332.18,238.48,EXPIRED,4,,CUB
04-09-2026,2026-09-04,HDFCLIFE,LONG,548.05,532.54,594.58,546.4,EXPIRED,4,,HDFCLIFE
04-09-2026,2026-09-04,IGL,LONG,159.55,148.6,192.4,158.04,EXPIRED,4,,IGL
04-09-2026,2026-09-04,HAL,LONG,4936.05,4817.4,5292.0,4856.0,STOPPED_OUT,3,2026-09-08,HAL
03-09-2026,2026-09-03,GRASIM,LONG,3325.25,3200.42,3699.74,3310.0,STOPPED_OUT,2,2026-09-07,GRASIM
03-09-2026,2026-09-03,OBEROIRLTY,LONG,1912.75,1822.4,2183.8,1902.0,EXPIRED,4,,OBEROIRLTY
03-09-2026,2026-09-03,RBLBANK,LONG,410.75,383.8,491.6,408.1,TRIGGERED,2,2026-09-07,RBLBANK
03-09-2026,2026-09-03,GRANULES,LONG,873.55,809.18,1066.66,853.85,TRIGGERED,2,2026-09-07,GRANULES
03-09-2026,2026-09-03,GODREJPROP,LONG,2056.75,1960.0,2347.0,2001.5,STOPPED_OUT,2,,GODREJPROP
02-09-2026,2026-09-02,RBLBANK,LONG,392.75,369.36,462.92,389.4,TRIGGERED,3,2026-09-07,RBLBANK
02-09-2026,2026-09-02,COALINDIA,LONG,422.45,400.1,489.5,417.85,EXPIRED,4,,COALINDIA
08-09-2026,2026-09-08,JKCEMENT,SHORT,4971.95,5297.23,3996.11,4990.5,TRIGGERED,1,2026-09-09,JKCEMENT
08-09-2026,2026-09-08,INDIAMART,SHORT,1680.95,1787.14,1362.38,1684.5,TRIGGERED,1,2026-09-09,INDIAMART
08-09-2026,2026-09-08,NAUKRI,LONG,1298.35,1251.9,1437.7,1292.0,STOPPED_OUT,2,,NAUKRI
08-09-2026,2026-09-08,BANDHANBNK,LONG,172.45,163.3,199.9,171.58,TRIGGERED,1,2026-09-09,BANDHANBNK
08-09-2026,2026-09-08,HAL,LONG,5072.05,4835.16,5782.72,5031.1,STOPPED_OUT,1,2026-09-09,HAL
08-09-2026,2026-09-08,DALBHARAT,SHORT,1671.75,1824.98,1212.06,1700.5,EXPIRED,4,,DALBHARAT
08-09-2026,2026-09-08,BEL,LONG,416.05,394.84,479.68,410.55,EXPIRED,4,,BEL
09-09-2026,2026-09-09,LT,SHORT,3922.55,4099.25,3392.45,3922.6,TRIGGERED,1,2026-09-10,LT
09-09-2026,2026-09-09,DLF,SHORT,654.65,694.87,533.99,655.1,TRIGGERED,1,2026-09-10,DLF
09-09-2026,2026-09-09,BANKBARODA,SHORT,234.0,248.19,191.43,234.1,EXPIRED,4,,BANKBARODA
09-09-2026,2026-09-09,ADANIPORTS,LONG,1785.95,1669.96,2133.92,1775.0,EXPIRED,4,,ADANIPORTS
09-09-2026,2026-09-09,HDFCLIFE,SHORT,508.9,542.92,406.84,514.0,STOPPED_OUT,1,2026-09-10,HDFCLIFE
09-09-2026,2026-09-09,ADANIENT,LONG,3142.05,2930.75,3775.95,3104.7,EXPIRED,4,,ADANIENT
09-09-2026,2026-09-09,ABB,LONG,7480.05,7295.25,8034.45,7401.5,STOPPED_OUT,1,,ABB
09-09-2026,2026-09-09,NAVINFLUOR,LONG,8949.55,8294.79,10913.83,8775.5,EXPIRED,4,,NAVINFLUOR
10-09-2026,2026-09-10,CHOLAFIN,LONG,1868.25,1789.99,2103.03,1859.0,STOPPED_OUT,3,,CHOLAFIN
10-09-2026,2026-09-10,DRREDDY,LONG,1147.25,1134.9,1184.3,1143.0,STOPPED_OUT,1,,DRREDDY
10-09-2026,2026-09-10,INDIAMART,SHORT,1625.95,1734.05,1301.65,1637.7,STOPPED_OUT,1,2026-09-11,INDIAMART
10-09-2026,2026-09-10,CUMMINSIND,SHORT,5069.45,5319.72,4318.64,5155.0,TRIGGERED,1,2026-09-11,CUMMINSIND
11-09-2026,2026-09-11,GRANULES,LONG,914.9,836.41,1150.37,909.3,STOPPED_OUT,1,2026-09-15,GRANULES
11-09-2026,2026-09-11,BANDHANBNK,LONG,178.59,164.35,221.31,176.52,TRIGGERED,1,2026-09-15,BANDHANBNK
11-09-2026,2026-09-11,INDUSINDBK,SHORT,972.25,1025.22,813.34,978.2,TRIGGERED,1,2026-09-15,INDUSINDBK
11-09-2026,2026-09-11,ALKEM,SHORT,5050.95,5373.64,4082.88,5087.5,EXPIRED,4,,ALKEM
11-09-2026,2026-09-11,ONGC,SHORT,232.45,244.17,197.29,232.5,TRIGGERED,3,2026-09-17,ONGC
11-09-2026,2026-09-11,INDUSTOWER,LONG,390.9,361.81,478.17,388.0,EXPIRED,4,,INDUSTOWER
11-09-2026,2026-09-11,LICHSGFIN,LONG,572.4,536.85,679.05,562.9,STOPPED_OUT,2,,LICHSGFIN
11-09-2026,2026-09-11,GODREJPROP,SHORT,1718.95,1908.93,1149.01,1748.0,TRIGGERED,1,2026-09-15,GODREJPROP
11-09-2026,2026-09-11,PIIND,SHORT,2190.95,2378.4,1628.6,2259.0,EXPIRED,4,,PIIND
11-09-2026,2026-09-11,SUNTV,LONG,485.55,450.0,592.2,476.0,EXPIRED,4,,SUNTV
15-09-2026,2026-09-15,SHRIRAMFIN,SHORT,979.75,1067.89,715.33,979.8,TRIGGERED,1,2026-09-16,SHRIRAMFIN
15-09-2026,2026-09-15,TCS,SHORT,2250.95,2368.32,1898.84,2251.0,TRIGGERED,1,2026-09-16,TCS
15-09-2026,2026-09-15,INDHOTEL,SHORT,710.8,746.25,604.45,715.0,STOPPED_OUT,1,2026-09-16,INDHOTEL
15-09-2026,2026-09-15,TATACHEM,LONG,734.95,655.4,973.6,734.9,STOPPED_OUT,1,2026-09-16,TATACHEM
15-09-2026,2026-09-15,BSOFT,SHORT,285.05,306.89,219.53,286.45,TRIGGERED,1,2026-09-16,BSOFT
15-09-2026,2026-09-15,MPHASIS,LONG,2461.15,2337.11,2833.27,2378.0,STOPPED_OUT,1,,MPHASIS
16-09-2026,2026-09-16,PAGEIND,SHORT,33999.95,36659.95,26019.95,34275.0,EXPIRED,4,,PAGEIND
16-09-2026,2026-09-16,LALPATHLAB,SHORT,1869.95,2038.6,1364.0,1895.7,EXPIRED,4,,LALPATHLAB
16-09-2026,2026-09-16,IRCTC,SHORT,446.45,468.96,378.92,452.95,STOPPED_OUT,2,,IRCTC
16-09-2026,2026-09-16,COLPAL,LONG,1900.15,1830.1,2110.3,1860.0,STOPPED_OUT,2,2026-09-18,COLPAL
16-09-2026,2026-09-16,INDIAMART,LONG,1768.85,1645.2,2139.8,1706.3,STOPPED_OUT,2,,INDIAMART
16-09-2026,2026-09-16,TATACHEM,LONG,788.05,691.9,1076.5,731.8,STOPPED_OUT,1,2026-09-17,TATACHEM
17-09-2026,2026-09-17,SBILIFE,LONG,1771.15,1688.01,2020.57,1766.9,STOPPED_OUT,2,2026-09-21,SBILIFE
17-09-2026,2026-09-17,ICICIPRULI,LONG,496.95,468.75,581.55,490.5,STOPPED_OUT,1,2026-09-18,ICICIPRULI
17-09-2026,2026-09-17,SRF,LONG,2554.05,2491.95,2740.35,2536.0,STOPPED_OUT,1,2026-09-18,SRF
17-09-2026,2026-09-17,GNFC,LONG,599.05,538.2,781.6,584.85,TRIGGERED,3,2026-09-22,GNFC
18-09-2026,2026-09-18,ADANIPORTS,LONG,1824.05,1704.03,2184.11,1824.0,EXPIRED,4,,ADANIPORTS
18-09-2026,2026-09-18,BHARTIARTL,LONG,1893.35,1835.3,2067.5,1893.3,STOPPED_OUT,1,,BHARTIARTL
18-09-2026,2026-09-18,PETRONET,LONG,292.65,282.15,324.15,292.6,STOPPED_OUT,2,,PETRONET
18-09-2026,2026-09-18,SUNPHARMA,SHORT,1837.25,1924.3,1576.1,1837.3,TRIGGERED,1,2026-09-21,SUNPHARMA
18-09-2026,2026-09-18,UPL,LONG,580.05,553.39,660.03,580.0,STOPPED_OUT,3,,UPL
18-09-2026,2026-09-18,SBICARD,LONG,651.2,617.87,751.19,651.15,EXPIRED,4,,SBICARD
18-09-2026,2026-09-18,BPCL,LONG,314.25,304.5,343.5,314.0,STOPPED_OUT,1,2026-09-21,BPCL
18-09-2026,2026-09-18,CONCOR,LONG,504.6,485.1,563.1,504.55,STOPPED_OUT,2,,CONCOR
18-09-2026,2026-09-18,ABCAPITAL,LONG,410.1,386.13,482.01,410.05,EXPIRED,4,,ABCAPITAL
18-09-2026,2026-09-18,SYNGENE,SHORT,366.6,397.52,273.84,369.05,TRIGGERED,1,2026-09-21,SYNGENE
18-09-2026,2026-09-18,ABBOTINDIA,LONG,27490.05,25860.2,32379.6,27270.0,EXPIRED,4,,ABBOTINDIA
18-09-2026,2026-09-18,SIEMENS,LONG,3913.95,3770.0,4345.8,3913.9,STOPPED_OUT,1,2026-09-21,SIEMENS
18-09-2026,2026-09-18,JUBLFOOD,LONG,502.05,480.3,567.3,500.0,STOPPED_OUT,1,2026-09-21,JUBLFOOD
18-09-2026,2026-09-18,TCS,SHORT,2101.15,2298.13,1510.21,2105.0,TRIGGERED,1,2026-09-21,TCS
18-09-2026,2026-09-18,COROMANDEL,LONG,2019.95,1919.5,2321.3,1999.5,EXPIRED,4,,COROMANDEL
18-09-2026,2026-09-18,TITAN,SHORT,4771.95,5020.61,4025.97,4798.5,EXPIRED,4,,TITAN
18-09-2026,2026-09-18,BALKRISIND,LONG,2296.05,2166.0,2686.2,2265.3,EXPIRED,4,,BALKRISIND
18-09-2026,2026-09-18,APOLLOTYRE,SHORT,407.85,437.0,320.4,409.3,TRIGGERED,2,2026-09-22,APOLLOTYRE
18-09-2026,2026-09-18,NAVINFLUOR,LONG,8682.55,8231.5,10035.7,8590.0,EXPIRED,4,,NAVINFLUOR
18-09-2026,2026-09-18,ABB,LONG,7307.05,7151.0,7775.2,7270.5,STOPPED_OUT,1,2026-09-21,ABB
18-09-2026,2026-09-18,IRCTC,LONG,480.05,457.15,548.75,476.75,EXPIRED,4,,IRCTC
18-09-2026,2026-09-18,INDIAMART,SHORT,1622.35,1755.94,1221.58,1646.3,EXPIRED,4,,INDIAMART
18-09-2026,2026-09-18,INFY,SHORT,1037.95,1114.96,806.92,1051.4,TRIGGERED,1,2026-09-21,INFY
18-09-2026,2026-09-18,INDHOTEL,LONG,743.05,697.5,879.7,732.75,TRIGGERED,1,2026-09-21,INDHOTEL
18-09-2026,2026-09-18,EXIDEIND,LONG,444.75,419.35,520.95,435.85,EXPIRED,4,,EXIDEIND
18-09-2026,2026-09-18,TATACOMM,SHORT,1743.25,1805.0,1558.0,1780.1,TRIGGERED,1,2026-09-21,TATACOMM
18-09-2026,2026-09-18,BATAINDIA,SHORT,624.85,678.88,462.76,638.3,EXPIRED,4,,BATAINDIA
18-09-2026,2026-09-18,POONAWALLA,LONG,492.05,434.0,666.2,479.4,EXPIRED,4,,POONAWALLA
18-09-2026,2026-09-18,FEDERALBNK,SHORT,325.35,346.31,262.47,332.75,TRIGGERED,3,2026-09-23,FEDERALBNK
18-09-2026,2026-09-18,WIPRO,SHORT,163.25,174.66,129.02,166.83,TRIGGERED,2,2026-09-22,WIPRO
18-09-2026,2026-09-18,BHARATFORG,LONG,1994.95,1937.8,2166.4,1962.1,STOPPED_OUT,2,2026-09-22,BHARATFORG
21-09-2026,2026-09-21,OFSS,SHORT,10899.95,12037.18,7488.26,10911.0,TRIGGERED,1,2026-09-22,OFSS
22-09-2026,2026-09-22,CONCOR,SHORT,466.65,506.09,348.33,467.0,TRIGGERED,1,2026-09-23,CONCOR
22-09-2026,2026-09-22,COALINDIA,LONG,428.8,411.9,479.5,428.0,TRIGGERED,1,2026-09-23,COALINDIA
22-09-2026,2026-09-22,MGL,SHORT,1058.95,1128.51,850.27,1067.3,EXPIRED,4,,MGL
22-09-2026,2026-09-22,RBLBANK,LONG,424.45,394.23,515.11,423.2,TRIGGERED,1,2026-09-23,RBLBANK
22-09-2026,2026-09-22,BPCL,SHORT,308.1,318.2,277.8,313.6,TRIGGERED,2,2026-09-24,BPCL
22-09-2026,2026-09-22,SUNTV,LONG,494.25,453.04,617.88,490.1,TARGET_HIT,1,2026-09-23,SUNTV
22-09-2026,2026-09-22,PIIND,LONG,2428.75,2346.33,2676.01,2410.0,EXPIRED,4,,PIIND
23-09-2026,2026-09-23,SAIL,LONG,185.75,174.5,219.5,185.44,TRIGGERED,1,2026-09-24,SAIL
23-09-2026,2026-09-23,BANDHANBNK,LONG,193.05,176.02,244.14,191.38,EXPIRED,4,,BANDHANBNK
24-09-2026,2026-09-24,MOTHERSON,SHORT,162.45,168.38,144.66,162.5,TRIGGERED,1,2026-09-25,MOTHERSON
24-09-2026,2026-09-24,SBIN,SHORT,975.75,1020.73,840.81,978.5,TRIGGERED,2,2026-09-28,SBIN
24-09-2026,2026-09-24,BAJAJFINSV,SHORT,1760.85,1878.12,1409.04,1762.3,TRIGGERED,1,2026-09-25,BAJAJFINSV
24-09-2026,2026-09-24,PIDILITIND,SHORT,1517.45,1616.14,1221.38,1522.0,TRIGGERED,1,2026-09-25,PIDILITIND
24-09-2026,2026-09-24,AUBANK,SHORT,999.15,1073.61,775.77,1000.1,TRIGGERED,1,2026-09-25,AUBANK
24-09-2026,2026-09-24,CUB,SHORT,218.9,238.67,159.59,220.52,TRIGGERED,2,2026-09-28,CUB
24-09-2026,2026-09-24,AXISBANK,SHORT,1174.95,1247.67,956.79,1186.5,EXPIRED,4,,AXISBANK
24-09-2026,2026-09-24,COROMANDEL,SHORT,1922.15,2023.73,1617.41,1942.5,TRIGGERED,2,2026-09-28,COROMANDEL
24-09-2026,2026-09-24,ICICIGI,LONG,1583.95,1465.6,1939.0,1577.0,TRIGGERED,1,2026-09-25,ICICIGI
24-09-2026,2026-09-24,SBILIFE,LONG,1791.45,1679.36,2127.72,1755.0,EXPIRED,4,,SBILIFE
24-09-2026,2026-09-24,NAUKRI,SHORT,1202.25,1320.53,847.41,1224.0,EXPIRED,4,,NAUKRI
24-09-2026,2026-09-24,MCX,LONG,3477.05,3159.27,4430.39,3427.7,TRIGGERED,1,2026-09-25,MCX
24-09-2026,2026-09-24,SUNTV,LONG,522.05,476.87,657.59,512.7,TARGET_HIT,2,2026-09-28,SUNTV
24-09-2026,2026-09-24,HDFCLIFE,SHORT,513.95,551.53,401.21,526.9,EXPIRED,4,,HDFCLIFE
25-09-2026,2026-09-25,DALBHARAT,SHORT,1680.65,1825.41,1246.37,1700.2,TRIGGERED,1,2026-09-28,DALBHARAT
25-09-2026,2026-09-25,BALRAMCHIN,LONG,697.05,655.29,822.33,685.8,STOPPED_OUT,1,2026-09-28,BALRAMCHIN
25-09-2026,2026-09-25,OFSS,SHORT,10331.95,11474.78,6903.46,10770.0,EXPIRED,4,,OFSS
28-09-2026,2026-09-28,ACC,SHORT,1210.75,1283.74,991.78,1213.5,TRIGGERED,1,2026-09-29,ACC
28-09-2026,2026-09-28,ASIANPAINT,SHORT,2412.85,2531.17,2057.89,2420.0,TRIGGERED,1,2026-09-29,ASIANPAINT
28-09-2026,2026-09-28,MANAPPURAM,SHORT,312.1,341.99,222.43,313.0,TRIGGERED,1,2026-09-29,MANAPPURAM
28-09-2026,2026-09-28,GAIL,SHORT,170.95,178.17,149.29,172.45,TRIGGERED,1,2026-09-29,GAIL
28-09-2026,2026-09-28,CUB,SHORT,212.55,239.09,132.93,215.99,TRIGGERED,1,2026-09-29,CUB
28-09-2026,2026-09-28,GODREJCP,SHORT,859.45,913.74,696.58,868.0,TRIGGERED,1,2026-09-29,GODREJCP
28-09-2026,2026-09-28,DABUR,SHORT,381.8,388.96,360.32,385.75,TRIGGERED,1,2026-09-29,DABUR
28-09-2026,2026-09-28,PETRONET,LONG,293.1,282.47,324.99,289.85,STOPPED_OUT,1,,PETRONET
28-09-2026,2026-09-28,NATIONALUM,SHORT,344.3,377.64,244.28,349.0,TRIGGERED,1,2026-09-29,NATIONALUM
29-09-2026,2026-09-29,ADANIPORTS,LONG,1822.05,1700.77,2185.89,1822.0,PENDING,3,,ADANIPORTS
29-09-2026,2026-09-29,POLYCAB,SHORT,8102.45,8636.1,6501.5,8102.5,TRIGGERED,1,2026-09-30,POLYCAB
29-09-2026,2026-09-29,WIPRO,SHORT,156.74,167.72,123.8,156.79,PENDING,3,,WIPRO
29-09-2026,2026-09-29,HCLTECH,SHORT,1221.95,1299.86,988.22,1222.0,PENDING,3,,HCLTECH
29-09-2026,2026-09-29,RELIANCE,SHORT,1181.75,1244.5,993.5,1182.0,TRIGGERED,1,2026-09-30,RELIANCE
29-09-2026,2026-09-29,RECLTD,SHORT,292.15,312.62,230.74,292.45,PENDING,3,,RECLTD
29-09-2026,2026-09-29,JSWSTEEL,LONG,1272.45,1246.6,1350.0,1272.4,TRIGGERED,1,2026-09-30,JSWSTEEL
29-09-2026,2026-09-29,ADANIENT,LONG,2972.95,2793.7,3510.7,2972.9,PENDING,3,,ADANIENT
29-09-2026,2026-09-29,TECHM,SHORT,1510.45,1614.15,1199.35,1510.5,PENDING,3,,TECHM
29-09-2026,2026-09-29,ICICIBANK,SHORT,1290.95,1353.39,1103.63,1292.2,PENDING,3,,ICICIBANK
29-09-2026,2026-09-29,BAJAJ-AUTO,SHORT,10804.95,11433.88,8918.16,10811.0,TRIGGERED,1,2026-09-30,BAJAJ-AUTO
29-09-2026,2026-09-29,CROMPTON,SHORT,211.32,229.41,157.05,211.37,TRIGGERED,1,2026-09-30,CROMPTON
29-09-2026,2026-09-29,POWERGRID,SHORT,259.5,274.74,213.78,261.5,TRIGGERED,1,2026-09-30,POWERGRID
29-09-2026,2026-09-29,SIEMENS,SHORT,3709.95,3972.87,2921.19,3710.0,PENDING,3,,SIEMENS
29-09-2026,2026-09-29,COROMANDEL,SHORT,1772.05,1920.06,1328.02,1792.9,TRIGGERED,1,2026-09-30,COROMANDEL
29-09-2026,2026-09-29,IEX,SHORT,106.3,113.73,84.01,106.39,PENDING,3,,IEX
29-09-2026,2026-09-29,TATAPOWER,LONG,360.75,353.95,381.15,359.0,TRIGGERED,1,2026-09-30,TATAPOWER
29-09-2026,2026-09-29,DABUR,SHORT,377.95,389.07,344.59,380.4,PENDING,3,,DABUR
29-09-2026,2026-09-29,SHREECEM,SHORT,21549.95,23158.5,16724.3,21900.0,PENDING,3,,SHREECEM
29-09-2026,2026-09-29,LTTS,SHORT,3051.75,3304.71,2292.87,3081.6,PENDING,3,,LTTS
29-09-2026,2026-09-29,BRITANNIA,SHORT,4797.95,5069.59,3983.03,4835.0,TRIGGERED,1,2026-09-30,BRITANNIA
29-09-2026,2026-09-29,ACC,SHORT,1188.05,1262.69,964.13,1202.6,PENDING,3,,ACC
29-09-2026,2026-09-29,PNB,SHORT,110.51,117.48,89.6,111.75,PENDING,3,,PNB
29-09-2026,2026-09-29,INDHOTEL,LONG,725.95,704.6,790.0,714.35,TRIGGERED,1,2026-09-30,INDHOTEL
29-09-2026,2026-09-29,TORNTPHARM,LONG,4948.05,4735.37,5586.09,4894.0,PENDING,3,,TORNTPHARM
29-09-2026,2026-09-29,GRANULES,LONG,877.0,843.37,977.89,866.75,TRIGGERED,1,2026-09-30,GRANULES
29-09-2026,2026-09-29,ALKEM,LONG,5306.55,5096.28,5937.36,5250.0,PENDING,3,,ALKEM
29-09-2026,2026-09-29,JUBLFOOD,SHORT,460.15,500.37,339.49,463.0,TRIGGERED,1,2026-09-30,JUBLFOOD
29-09-2026,2026-09-29,IGL,SHORT,139.15,148.87,109.99,142.02,PENDING,3,,IGL
29-09-2026,2026-09-29,ABBOTINDIA,LONG,27850.05,26191.15,32826.75,27270.0,PENDING,3,,ABBOTINDIA
30-09-2026,2026-09-30,ATUL,SHORT,5880.95,6309.93,4594.01,5915.5,PENDING,1,,ATUL
30-09-2026,2026-09-30,METROPOLIS,SHORT,536.6,589.7,377.3,541.7,PENDING,1,,METROPOLIS
30-09-2026,2026-09-30,UBL,SHORT,1150.95,1254.75,839.55,1158.1,PENDING,1,,UBL
30-09-2026,2026-09-30,JKCEMENT,LONG,5117.05,4793.98,6086.26,5076.0,PENDING,1,,JKCEMENT
30-09-2026,2026-09-30,APOLLOHOSP,SHORT,8052.95,8659.0,6234.8,8165.5,PENDING,1,,APOLLOHOSP
30-09-2026,2026-09-30,LICHSGFIN,SHORT,530.15,572.06,404.42,530.2,PENDING,1,,LICHSGFIN
30-09-2026,2026-09-30,GODREJPROP,SHORT,1623.35,1785.79,1136.03,1628.5,PENDING,1,,GODREJPROP
30-09-2026,2026-09-30,PAGEIND,SHORT,36209.95,37150.0,33389.8,36385.0,PENDING,1,,PAGEIND
30-09-2026,2026-09-30,BOSCHLTD,LONG,47545.05,45960.0,52300.2,47100.0,PENDING,1,,BOSCHLTD
30-09-2026,2026-09-30,JINDALSTEL,LONG,1144.35,1107.15,1255.95,1134.9,PENDING,1,,JINDALSTEL
30-09-2026,2026-09-30,CUB,LONG,229.05,214.91,271.47,226.05,PENDING,1,,CUB
30-09-2026,2026-09-30,SUNTV,LONG,663.95,554.05,993.65,605.0,PENDING,1,,SUNTV
