Date,Symbol,Timeframe,Type,Entry,SL,Target,Close,Compression,AvgVol10,Volume,EMA,EMA_Dist%,ADX
21-07-2026,ZYDUSLIFE,D,PRE_BREAKDOWN,1134.8,1169.7,1030.1,1126.3,0.0304,1273236,1619112,1130.58,0.38,48.57
21-07-2026,LICI,D,PRE_BREAKDOWN,427.5,447.6,367.2,423.3,0.0464,2878567,1110423,439.98,3.79,21.73
21-07-2026,COCHINSHIP,D,PRE_BREAKDOWN,1390.0,1422.8,1291.6,1367.7,0.0233,1557641,1267753,1427.86,4.21,33.12
21-07-2026,INDIGO,D,PRE_BREAKDOWN,5120.5,5325.0,4507.0,5117.0,0.0391,1033907,1652164,5181.4,1.24,35.9
21-07-2026,TATAELXSI,D,PRE_BREAKDOWN,3454.0,3594.0,3034.0,3406.6,0.0396,563772,367148,3677.84,7.37,49.37
21-07-2026,INDUSTOWER,D,PRE_BREAKDOWN,396.5,414.9,341.3,394.85,0.0458,6087445,2210902,401.5,1.66,32.35
21-07-2026,INFY,D,PRE_BREAKDOWN,1067.2,1116.8,918.4,1052.1,0.0456,11308667,7517203,1076.82,2.3,25.42
21-07-2026,INOXWIND,D,PRE_BREAKDOWN,77.28,80.84,66.6,76.67,0.0449,11379329,11390993,82.66,7.24,59.57
21-07-2026,DRREDDY,D,PRE_BREAKDOWN,1201.2,1249.1,1057.5,1182.8,0.0392,3259325,2528082,1260.93,6.2,45.12
21-07-2026,IREDA,D,PRE_BREAKDOWN,119.8,123.47,108.79,119.68,0.0301,4138092,3159003,123.51,3.1,24.39
21-07-2026,IRFC,D,PRE_BREAKDOWN,87.64,90.0,80.56,87.39,0.0266,7278533,5926795,90.25,3.17,50.97
21-07-2026,RVNL,D,PRE_BREAKDOWN,223.5,232.2,197.4,223.11,0.0383,4083537,3034876,231.09,3.46,21.43
21-07-2026,RELIANCE,D,PRE_BREAKDOWN,1291.8,1345.9,1129.5,1288.6,0.0409,13659548,10840383,1304.47,1.22,21.74
21-07-2026,TMPV,D,PRE_BREAKDOWN,330.2,339.2,303.2,327.7,0.0267,9465163,8609616,341.74,4.11,35.22
21-07-2026,NBCC,D,PRE_BREAKDOWN,96.37,99.69,86.41,94.74,0.0338,9181476,8605587,99.6,4.88,50.05
21-07-2026,GLENMARK,D,PRE_BREAKDOWN,2221.1,2318.9,1927.7,2199.9,0.0437,498910,942175,2240.46,1.81,21.11
21-07-2026,TITAN,D,PRE_BREAKOUT,4691.7,4565.1,5071.5,4711.6,0.0273,810405,996475,4541.83,3.74,61.75
21-07-2026,MARICO,D,PRE_BREAKOUT,858.0,829.9,942.3,862.65,0.0329,1610595,1248595,843.92,2.22,68.32
21-07-2026,MAZDOCK,D,PRE_BREAKDOWN,2323.0,2403.0,2083.0,2307.4,0.0341,677642,569931,2409.52,4.24,44.68
21-07-2026,VBL,D,PRE_BREAKDOWN,460.0,472.7,421.9,458.25,0.0271,5743554,7951021,482.1,4.95,43.71
20-07-2026,TITAN,D,PRE_BREAKOUT,4668.8,4554.0,5013.2,4688.7,0.0248,1095990,530094,4523.96,3.64,60.14
20-07-2026,ABCAPITAL,D,PRE_BREAKOUT,408.45,392.1,457.5,409.05,0.0407,3312651,3358646,395.65,3.39,31.54
20-07-2026,GODREJPROP,D,PRE_BREAKOUT,2158.4,2065.5,2437.1,2164.3,0.0442,853710,706428,2020.85,7.1,71.1
20-07-2026,INDUSINDBK,D,PRE_BREAKOUT,1034.65,992.0,1162.6,1063.45,0.0415,2050476,5124543,993.57,7.03,55.28
20-07-2026,HEROMOTOCO,D,PRE_BREAKOUT,4985.0,4865.2,5344.4,5034.1,0.0244,564707,554172,4928.11,2.15,21.77
20-07-2026,LICI,D,PRE_BREAKDOWN,430.0,447.6,377.2,429.7,0.0406,3112527,1215548,441.74,2.73,25.14
20-07-2026,M&M,D,PRE_BREAKOUT,3183.5,3079.4,3495.8,3201.7,0.0327,2199636,1776773,3131.19,2.25,21.88
20-07-2026,SHRIRAMFIN,D,PRE_BREAKOUT,1049.0,1007.0,1175.0,1061.5,0.0406,4773892,7633092,1028.88,3.17,30.72
20-07-2026,LAURUSLABS,D,PRE_BREAKOUT,1579.1,1520.4,1755.2,1593.2,0.0384,1623109,1871739,1515.26,5.14,40.06
20-07-2026,TVSMOTOR,D,PRE_BREAKOUT,3655.0,3549.9,3970.3,3792.0,0.029,718803,2391097,3595.5,5.47,39.29
20-07-2026,LODHA,D,PRE_BREAKOUT,1195.0,1144.2,1347.4,1198.95,0.0427,3681621,1188038,1104.83,8.52,78.1
17-07-2026,ICICIBANK,D,PRE_BREAKOUT,1455.1,1386.3,1661.5,1460.2,0.0485,11736666,22236415,1396.19,4.58,33.23
17-07-2026,INDUSINDBK,D,PRE_BREAKOUT,1031.2,992.0,1148.8,1032.85,0.0387,2379611,1686017,986.21,4.73,54.14
17-07-2026,PNB,D,PRE_BREAKOUT,106.93,104.0,115.72,111.76,0.0278,15838045,118992976,106.27,5.16,25.35
17-07-2026,OIL,D,PRE_BREAKOUT,442.3,422.35,502.15,453.55,0.0465,3220882,9434807,433.17,4.7,34.73
17-07-2026,HDFCBANK,D,PRE_BREAKDOWN,806.5,823.7,754.9,777.6,0.0213,32800664,56061789,802.34,3.08,29.69
17-07-2026,IDFCFIRSTB,D,PRE_BREAKOUT,80.8,78.78,86.86,81.78,0.0255,14677115,24353186,79.17,3.3,28.89
17-07-2026,PIIND,D,PRE_BREAKOUT,2643.0,2527.0,2991.0,2657.4,0.0441,188322,159266,2650.3,0.27,42.57
17-07-2026,AUBANK,D,PRE_BREAKDOWN,1018.3,1068.7,867.1,993.3,0.0487,1349901,3385647,1035.29,4.06,39.63
17-07-2026,BAJAJ-AUTO,D,PRE_BREAKOUT,10499.0,10030.5,11904.5,10522.5,0.0453,433094,335474,10186.02,3.3,30.49
17-07-2026,HEROMOTOCO,D,PRE_BREAKOUT,4967.0,4865.2,5272.4,4977.7,0.0208,592399,352274,4916.95,1.24,20.0
17-07-2026,NHPC,D,PRE_BREAKOUT,80.08,78.3,85.42,81.0,0.0226,9913621,12119668,79.02,2.51,37.66
17-07-2026,JSWENERGY,D,PRE_BREAKOUT,564.0,539.2,638.4,567.7,0.0456,2621284,5700128,556.09,2.09,22.63
16-07-2026,HINDZINC,D,PRE_BREAKDOWN,521.1,544.2,451.8,518.35,0.0438,3163207,2356602,537.82,3.62,22.73
16-07-2026,DRREDDY,D,PRE_BREAKDOWN,1221.8,1251.8,1131.8,1211.2,0.0244,2927357,2075149,1281.35,5.48,43.27
16-07-2026,GLENMARK,D,PRE_BREAKDOWN,2247.0,2326.1,2009.7,2235.5,0.0344,544690,355968,2245.59,0.45,21.84
16-07-2026,HINDALCO,D,PRE_BREAKDOWN,953.0,998.0,818.0,944.15,0.0471,5165658,4222686,975.53,3.22,32.93
16-07-2026,MAZDOCK,D,PRE_BREAKDOWN,2351.1,2433.8,2103.0,2342.8,0.0349,800005,555651,2435.73,3.82,39.07
16-07-2026,ICICIBANK,D,PRE_BREAKOUT,1428.0,1386.3,1553.1,1444.3,0.0294,11915590,11112550,1389.45,3.95,33.66
16-07-2026,TRENT,D,PRE_BREAKDOWN,2855.0,2938.7,2603.9,2842.4,0.0292,2057966,791066,3048.65,6.77,54.82
16-07-2026,NATIONALUM,D,PRE_BREAKDOWN,351.0,368.5,298.5,339.9,0.0484,8407388,11229123,356.32,4.61,29.96
16-07-2026,CIPLA,D,PRE_BREAKDOWN,1420.0,1454.5,1316.5,1418.7,0.024,961291,607055,1429.7,0.77,48.99
16-07-2026,KOTAKBANK,D,PRE_BREAKOUT,385.15,375.1,415.3,389.95,0.0266,19021280,17847316,386.28,0.95,29.86
16-07-2026,NMDC,D,PRE_BREAKDOWN,83.31,86.05,75.09,83.22,0.0323,15893097,22681426,85.36,2.51,34.63
16-07-2026,JUBLFOOD,D,PRE_BREAKDOWN,419.5,440.9,355.3,417.15,0.0499,3758570,2389067,428.15,2.57,40.63
16-07-2026,M&M,D,PRE_BREAKOUT,3169.0,3079.4,3437.8,3179.2,0.0291,2365280,1627877,3119.38,1.92,20.76
16-07-2026,CANBK,D,PRE_BREAKDOWN,125.31,131.48,106.8,125.01,0.0488,24528122,19266430,127.43,1.9,33.65
16-07-2026,EXIDEIND,D,PRE_BREAKOUT,431.0,416.0,476.0,435.2,0.0358,3440449,12389278,411.31,5.81,50.71
16-07-2026,PETRONET,D,PRE_BREAKDOWN,275.05,282.8,251.8,273.8,0.0278,2081546,1305150,277.62,1.37,20.13
16-07-2026,BSE,D,PRE_BREAKDOWN,3680.0,3867.5,3117.5,3581.8,0.0499,3084517,3660561,3809.34,5.97,35.56
15-07-2026,HINDZINC,D,PRE_BREAKDOWN,523.1,544.2,459.8,521.95,0.04,3207099,1848163,539.87,3.32,24.4
15-07-2026,SONACOMS,D,PRE_BREAKOUT,682.2,658.7,752.7,683.4,0.0352,2386399,2769737,649.54,5.21,70.07
15-07-2026,SUZLON,D,PRE_BREAKDOWN,52.31,54.45,45.89,51.97,0.0408,52938253,45561488,54.77,5.1,46.43
15-07-2026,DABUR,D,PRE_BREAKDOWN,430.05,449.45,371.85,429.45,0.0447,1879612,1622560,436.1,1.52,20.09
15-07-2026,TVSMOTOR,D,PRE_BREAKDOWN,3572.8,3698.9,3194.5,3563.5,0.0349,791377,1209278,3568.46,0.14,41.17
15-07-2026,BSE,D,PRE_BREAKDOWN,3737.3,3867.5,3346.7,3685.0,0.0343,3209958,2171296,3833.29,3.87,32.18
15-07-2026,IREDA,D,PRE_BREAKDOWN,121.07,126.74,104.06,120.83,0.0464,4093744,3418650,124.75,3.14,33.32
15-07-2026,BAJFINANCE,D,PRE_BREAKOUT,1037.3,994.1,1166.9,1037.6,0.0429,7542515,9079076,1000.13,3.75,60.87
14-07-2026,POLICYBZR,D,PRE_BREAKOUT,1609.9,1553.8,1778.2,1610.8,0.0352,4434540,1935512,1604.7,0.38,24.53
14-07-2026,DABUR,D,PRE_BREAKDOWN,432.1,452.8,370.0,431.3,0.0472,2639238,1001738,436.8,1.26,21.05
14-07-2026,SIEMENS,D,PRE_BREAKOUT,3542.0,3398.1,3973.7,3571.8,0.0414,312539,315307,3563.29,0.24,40.42
14-07-2026,DALBHARAT,D,PRE_BREAKOUT,1795.2,1712.8,2042.4,1824.7,0.0469,246409,565574,1749.66,4.29,34.0
14-07-2026,SHREECEM,D,PRE_BREAKOUT,26815.0,25805.0,29845.0,26925.0,0.0382,13174,17102,25972.73,3.67,46.96
14-07-2026,CGPOWER,D,PRE_BREAKOUT,924.0,893.7,1014.9,929.15,0.0335,6277479,4646962,923.31,0.63,30.95
14-07-2026,TATASTEEL,D,PRE_BREAKDOWN,185.4,193.3,161.7,185.26,0.0422,24936042,24924570,191.38,3.2,42.27
14-07-2026,VEDL,D,PRE_BREAKDOWN,266.2,278.8,228.4,260.55,0.0467,12455695,21696090,283.22,8.0,37.47
14-07-2026,IDEA,D,PRE_BREAKDOWN,13.74,14.33,11.97,13.67,0.0423,309993263,323250383,14.12,3.16,36.01
14-07-2026,ABB,D,PRE_BREAKOUT,6943.5,6715.5,7627.5,7204.5,0.0335,227020,763817,6964.22,3.45,20.36
13-07-2026,DABUR,D,PRE_BREAKDOWN,435.15,456.0,372.6,434.45,0.047,2676464,1427118,437.38,0.67,20.62
13-07-2026,ADANIPOWER,D,PRE_BREAKOUT,223.55,214.65,250.25,226.17,0.0407,28488693,55601636,222.7,1.56,20.58
13-07-2026,LT,D,PRE_BREAKDOWN,3867.8,4046.3,3332.3,3848.7,0.0452,2105625,2409089,4009.63,4.01,50.17
13-07-2026,ITC,D,PRE_BREAKDOWN,279.5,290.7,245.9,275.55,0.0398,14802929,15018851,285.74,3.57,53.89
13-07-2026,PIIND,D,PRE_BREAKDOWN,2551.7,2682.0,2160.8,2537.2,0.05,231383,371827,2658.12,4.55,43.23
13-07-2026,DIVISLAB,D,PRE_BREAKOUT,6959.0,6693.0,7757.0,7188.5,0.0389,369134,1093244,6788.93,5.89,35.19
13-07-2026,COCHINSHIP,D,PRE_BREAKDOWN,1397.6,1467.9,1186.7,1390.8,0.0496,2509987,1384716,1452.22,4.23,27.17
10-07-2026,VEDL,D,PRE_BREAKDOWN,270.65,282.85,234.05,269.65,0.045,17864976,9688301,287.49,6.21,40.12
10-07-2026,ITC,D,PRE_BREAKDOWN,280.0,290.7,247.9,279.65,0.0379,14557982,12559492,286.81,2.5,53.18
10-07-2026,NESTLEIND,D,PRE_BREAKDOWN,1441.7,1482.9,1318.1,1427.0,0.0282,2031794,2167829,1433.19,0.43,31.81
10-07-2026,WIPRO,D,PRE_BREAKOUT,177.22,171.65,193.93,178.43,0.0322,22909787,22417855,177.66,0.43,42.84
09-07-2026,HAL,D,PRE_BREAKOUT,4502.4,4305.8,5092.2,4506.8,0.045,630996,1078390,4396.16,2.52,30.3
09-07-2026,BLUESTARCO,D,PRE_BREAKOUT,1624.5,1562.0,1812.0,1662.0,0.0397,281014,383021,1622.37,2.44,33.91
09-07-2026,ICICIPRULI,D,PRE_BREAKOUT,500.45,478.85,565.25,510.35,0.045,1287565,2917046,493.29,3.46,29.54
08-07-2026,MARUTI,D,PRE_BREAKDOWN,13880.0,14598.0,11726.0,13728.0,0.0494,750864,576451,13829.41,0.73,35.96
08-07-2026,HDFCLIFE,D,PRE_BREAKDOWN,553.15,580.0,472.6,551.85,0.0469,3296604,8590339,573.77,3.82,23.97
08-07-2026,DRREDDY,D,PRE_BREAKDOWN,1329.0,1390.4,1144.8,1269.5,0.0453,2329326,8410883,1323.72,4.1,53.13
07-07-2026,HDFCLIFE,D,PRE_BREAKDOWN,559.95,580.0,499.8,555.7,0.0355,3301699,3249938,576.08,3.54,21.51
07-07-2026,IDFCFIRSTB,D,PRE_BREAKDOWN,78.4,81.77,68.29,77.82,0.0415,25644142,20844974,77.9,0.1,57.76
07-07-2026,OIL,D,PRE_BREAKOUT,427.45,412.05,473.65,430.35,0.0362,3871178,6238573,429.62,0.17,52.24
07-07-2026,PATANJALI,D,PRE_BREAKDOWN,409.65,417.5,386.1,409.3,0.0189,2544506,1737228,419.23,2.37,45.1
07-07-2026,PIDILITIND,D,PRE_BREAKDOWN,1578.0,1626.7,1431.9,1570.4,0.0301,837630,653824,1570.69,0.02,63.77
07-07-2026,LICI,D,PRE_BREAKDOWN,428.05,440.0,392.2,427.9,0.0278,3926840,3990127,450.13,4.94,54.48
07-07-2026,MOTILALOFS,D,PRE_BREAKDOWN,935.75,981.45,798.65,909.6,0.048,707009,726204,929.07,2.1,49.63
07-07-2026,JINDALSTEL,D,PRE_BREAKDOWN,1024.2,1073.8,875.4,1021.5,0.0468,1694085,939813,1087.79,6.09,52.9
07-07-2026,IRFC,D,PRE_BREAKDOWN,89.6,91.92,82.64,87.5,0.0257,23423023,14036436,93.22,6.13,30.11
07-07-2026,IREDA,D,PRE_BREAKDOWN,124.92,130.17,109.17,121.17,0.0414,4503098,5624308,126.45,4.18,41.66
07-07-2026,IEX,D,PRE_BREAKDOWN,122.13,126.22,109.86,116.81,0.0331,4286573,10636495,123.18,5.17,32.24
07-07-2026,LICHSGFIN,D,PRE_BREAKDOWN,542.5,568.5,464.5,530.6,0.0474,1685097,1257694,548.74,3.31,28.14
07-07-2026,MAXHEALTH,D,PRE_BREAKDOWN,1114.0,1167.9,952.3,1084.8,0.0476,2305259,1970930,1090.68,0.54,87.09
07-07-2026,AXISBANK,D,PRE_BREAKDOWN,1335.5,1377.7,1208.9,1309.5,0.0315,6452334,6917968,1339.63,2.25,43.95
07-07-2026,VEDL,D,PRE_BREAKDOWN,274.1,282.85,247.85,272.3,0.031,37071571,20776930,293.22,7.14,39.4
07-07-2026,TATAPOWER,D,PRE_BREAKDOWN,373.75,387.05,333.85,372.1,0.0352,5711527,4750113,388.92,4.32,43.56
07-07-2026,CANBK,D,PRE_BREAKDOWN,124.7,129.26,111.02,121.15,0.0361,35254278,37708203,128.43,5.67,29.09
07-07-2026,SBIN,D,PRE_BREAKDOWN,1025.5,1059.8,922.6,1016.9,0.0331,11735151,14141694,1026.92,0.98,28.85
07-07-2026,RECLTD,D,PRE_BREAKDOWN,355.1,372.35,303.35,348.75,0.0473,6504872,7750983,358.12,2.62,48.51
07-07-2026,TMPV,D,PRE_BREAKDOWN,341.0,354.6,300.2,332.05,0.0392,12128641,10789766,355.3,6.54,33.93
07-07-2026,CONCOR,D,PRE_BREAKDOWN,470.55,491.05,409.05,451.4,0.0426,1992157,1718940,471.96,4.36,47.98
07-07-2026,WAAREEENER,D,PRE_BREAKDOWN,2825.0,2954.0,2438.0,2823.3,0.0449,912734,458923,2954.58,4.44,24.43
07-07-2026,HAL,D,PRE_BREAKDOWN,4375.1,4502.4,3993.2,4364.7,0.0287,706233,1050626,4385.1,0.47,32.6
07-07-2026,MAZDOCK,D,PRE_BREAKDOWN,2474.0,2597.0,2105.0,2450.7,0.0478,947485,757008,2500.39,1.99,26.3
07-07-2026,YESBANK,D,PRE_BREAKDOWN,23.86,24.79,21.07,23.42,0.0383,100919939,83807507,24.06,2.65,32.1
06-07-2026,MOTHERSON,D,PRE_BREAKDOWN,144.5,150.5,126.5,143.37,0.041,27676100,42013051,145.03,1.15,22.14
06-07-2026,LT,D,PRE_BREAKDOWN,4012.0,4193.8,3466.6,3991.9,0.0451,1876154,2442514,4081.41,2.19,38.87
06-07-2026,LICHSGFIN,D,PRE_BREAKDOWN,546.0,568.5,478.5,543.55,0.0406,1725014,684914,550.65,1.29,27.07
06-07-2026,CROMPTON,D,PRE_BREAKDOWN,268.7,280.0,234.8,268.5,0.0417,2841240,1256746,271.96,1.27,23.54
06-07-2026,TRENT,D,PRE_BREAKDOWN,3242.4,3399.7,2770.5,2927.8,0.0471,1639217,9059505,3257.99,10.13,61.76
06-07-2026,BIOCON,D,PRE_BREAKDOWN,411.2,431.75,349.55,406.9,0.0481,4821751,3261586,417.26,2.48,25.15
06-07-2026,CAMS,D,PRE_BREAKDOWN,782.2,812.0,692.8,776.6,0.0373,1379275,1067429,789.53,1.64,28.41
06-07-2026,ALKEM,D,PRE_BREAKOUT,5639.0,5416.5,6306.5,5667.5,0.04,208044,200471,5472.02,3.57,67.71
06-07-2026,COALINDIA,D,PRE_BREAKDOWN,431.25,446.85,384.45,428.95,0.0356,6231117,5315215,443.96,3.38,28.75
06-07-2026,IREDA,D,PRE_BREAKDOWN,126.5,130.6,114.2,125.16,0.0319,5440826,3351443,127.01,1.45,41.59
06-07-2026,PNB,D,PRE_BREAKDOWN,104.11,108.3,91.54,103.79,0.0398,15667433,17632716,106.58,2.62,21.07
06-07-2026,ICICIGI,D,PRE_BREAKOUT,1788.8,1733.0,1956.2,1794.3,0.0315,585540,460961,1784.82,0.53,23.78
06-07-2026,PFC,D,PRE_BREAKDOWN,420.0,433.8,378.6,413.15,0.0324,6378114,5865910,427.62,3.38,25.73
06-07-2026,GMRAIRPORT,D,PRE_BREAKOUT,114.65,109.75,129.35,114.98,0.0434,29939786,23993812,108.82,5.66,50.84
06-07-2026,RECLTD,D,PRE_BREAKDOWN,362.0,372.35,330.95,356.25,0.0283,7032227,4139869,359.11,0.8,49.94
03-07-2026,INOXWIND,D,PRE_BREAKDOWN,87.54,91.47,75.75,86.95,0.0437,10552538,6810323,89.47,2.81,25.66
03-07-2026,PFC,D,PRE_BREAKDOWN,422.2,433.8,387.4,421.1,0.027,6100029,6277060,429.14,1.87,25.68
03-07-2026,KOTAKBANK,D,PRE_BREAKDOWN,389.9,405.0,344.6,381.3,0.0378,17458378,34164881,395.21,3.52,33.31
03-07-2026,CHOLAFIN,D,PRE_BREAKOUT,1823.9,1764.8,2001.2,1850.5,0.033,1992658,3062520,1714.26,7.95,65.91
03-07-2026,COALINDIA,D,PRE_BREAKDOWN,432.8,447.9,387.5,432.35,0.0344,6297522,5464728,445.54,2.96,29.9
03-07-2026,BHARTIARTL,D,PRE_BREAKOUT,1913.0,1833.1,2152.7,1925.7,0.0426,7520190,2740217,1869.12,3.03,29.52
03-07-2026,GLENMARK,D,PRE_BREAKOUT,2244.5,2142.8,2549.6,2270.9,0.0463,648425,600450,2202.6,3.1,23.0
03-07-2026,BANKINDIA,D,PRE_BREAKDOWN,140.06,147.11,118.91,139.8,0.0486,8923714,12694277,143.39,2.5,22.1
03-07-2026,HDFCBANK,D,PRE_BREAKOUT,807.0,792.75,849.75,829.85,0.0179,34727633,63203327,788.32,5.27,44.46
03-07-2026,ICICIBANK,D,PRE_BREAKOUT,1420.0,1366.1,1581.7,1426.9,0.0385,13164767,12306949,1356.86,5.16,61.6
03-07-2026,HDFCLIFE,D,PRE_BREAKDOWN,564.8,587.45,496.85,564.2,0.0396,3233247,3692940,578.83,2.53,22.55
02-07-2026,BAJFINANCE,D,PRE_BREAKOUT,1025.7,975.3,1176.9,1031.4,0.0497,10258028,9399193,968.68,6.47,59.45
02-07-2026,SHREECEM,D,PRE_BREAKOUT,26335.0,25040.0,30220.0,26765.0,0.05,34920,21488,25340.55,5.62,35.94
02-07-2026,BAJAJHLDNG,D,PRE_BREAKOUT,10910.0,10385.0,12485.0,11079.0,0.049,64576,65821,10586.83,4.65,35.03
02-07-2026,BHARTIARTL,D,PRE_BREAKOUT,1889.0,1833.1,2056.7,1910.4,0.0299,7437780,5087043,1863.17,2.53,28.37
02-07-2026,AXISBANK,D,PRE_BREAKDOWN,1343.6,1400.1,1174.1,1342.1,0.0413,6264994,3500465,1343.35,0.09,43.71
02-07-2026,AUROPHARMA,D,PRE_BREAKOUT,1588.9,1532.0,1759.6,1620.5,0.0366,1955120,2190579,1515.68,6.92,32.78
02-07-2026,ULTRACEMCO,D,PRE_BREAKOUT,11674.0,11219.0,13039.0,11723.0,0.0397,273137,157877,11393.88,2.89,23.88
02-07-2026,SUNPHARMA,D,PRE_BREAKOUT,1897.1,1855.9,2020.7,1904.8,0.0221,1852940,2168491,1848.15,3.07,54.46
02-07-2026,IDFCFIRSTB,D,PRE_BREAKOUT,80.29,77.88,87.52,80.46,0.0305,28421959,24932753,77.27,4.12,63.22
02-07-2026,LUPIN,D,PRE_BREAKOUT,2443.4,2336.9,2762.9,2476.0,0.0444,929079,939595,2353.28,5.22,42.75
02-07-2026,APOLLOHOSP,D,PRE_BREAKOUT,8770.0,8535.5,9473.5,8893.5,0.0272,304427,377549,8528.55,4.28,43.4
02-07-2026,ABCAPITAL,D,PRE_BREAKOUT,399.35,384.05,445.25,401.25,0.0389,5854607,6539560,379.22,5.81,43.05
02-07-2026,INDUSINDBK,D,PRE_BREAKOUT,949.55,908.1,1073.9,974.35,0.044,2431680,3819865,927.56,5.04,33.9
01-07-2026,LT,D,PRE_BREAKDOWN,4081.1,4272.3,3507.5,4059.4,0.0461,1771860,2481554,4103.39,1.07,37.85
01-07-2026,JUBLFOOD,D,PRE_BREAKOUT,431.0,413.65,483.05,431.6,0.0415,2322053,2138263,426.34,1.23,20.18
01-07-2026,ASIANPAINT,D,PRE_BREAKOUT,2723.0,2624.0,3020.0,2744.5,0.0376,1519957,1629567,2684.67,2.23,31.43
01-07-2026,JSWENERGY,D,PRE_BREAKDOWN,566.15,592.0,488.6,565.35,0.0443,3119130,2516897,571.52,1.08,21.18
01-07-2026,DIXON,D,PRE_BREAKOUT,12284.0,11716.0,13988.0,12373.0,0.0477,595665,549083,11948.0,3.56,27.51
01-07-2026,PETRONET,D,PRE_BREAKDOWN,277.4,290.4,238.4,275.2,0.0463,2706356,2032285,279.91,1.68,25.18
01-07-2026,BLUESTARCO,D,PRE_BREAKDOWN,1599.4,1672.5,1380.1,1599.1,0.0449,463329,269798,1632.49,2.05,23.82
01-07-2026,BOSCHLTD,D,PRE_BREAKOUT,41385.0,39505.0,47025.0,41515.0,0.0471,53226,43251,39443.57,5.25,65.41
01-07-2026,SONACOMS,D,PRE_BREAKOUT,632.2,608.3,703.9,662.3,0.0386,1983080,7802225,614.0,7.87,29.61
01-07-2026,NYKAA,D,PRE_BREAKOUT,312.9,300.15,351.15,314.0,0.041,13268274,5391222,292.54,7.34,53.6
30-06-2026,BLUESTARCO,D,PRE_BREAKDOWN,1620.0,1679.9,1440.3,1606.4,0.0366,482039,188067,1636.0,1.81,25.16
30-06-2026,DLF,D,PRE_BREAKOUT,636.4,608.65,719.65,648.7,0.0451,4380540,4916575,611.54,6.08,36.22
30-06-2026,LT,D,PRE_BREAKDOWN,4134.1,4272.3,3719.5,4092.6,0.0332,1892904,1437109,4108.02,0.38,36.27
29-06-2026,NUVAMA,D,PRE_BREAKOUT,1787.3,1710.0,2019.2,1806.4,0.0442,557616,966967,1669.59,8.19,51.45
29-06-2026,ITC,D,PRE_BREAKDOWN,289.2,293.95,274.95,286.95,0.0164,10548961,18180676,289.91,1.02,50.59
29-06-2026,ULTRACEMCO,D,PRE_BREAKDOWN,11266.0,11674.0,10042.0,11253.0,0.0355,295943,331714,11328.49,0.67,23.59
29-06-2026,TCS,D,PRE_BREAKDOWN,2055.0,2157.0,1749.0,2031.5,0.0487,5016116,6848411,2159.61,5.93,27.01
25-06-2026,TORNTPHARM,D,PRE_BREAKOUT,4566.8,4377.0,5136.2,4657.6,0.0421,431878,2069992,4479.59,3.97,21.54
25-06-2026,BANKINDIA,D,PRE_BREAKDOWN,143.33,147.44,131.0,142.55,0.0285,8048316,13540640,144.17,1.12,21.68
25-06-2026,DIVISLAB,D,PRE_BREAKDOWN,6689.0,6887.5,6093.5,6557.5,0.0294,273251,474515,6687.01,1.94,38.31
25-06-2026,BPCL,D,PRE_BREAKDOWN,305.1,320.85,257.85,300.8,0.0499,9749009,11893768,304.44,1.19,21.34
25-06-2026,MARICO,D,PRE_BREAKOUT,832.9,805.4,915.4,839.95,0.0336,1922689,7194690,818.92,2.57,26.87
25-06-2026,RADICO,D,PRE_BREAKOUT,3843.0,3686.0,4314.0,3876.9,0.0418,399222,760918,3647.43,6.29,46.88
25-06-2026,LUPIN,D,PRE_BREAKOUT,2395.0,2303.2,2670.4,2409.3,0.0388,707179,2044185,2317.81,3.95,26.99
25-06-2026,ICICIGI,D,PRE_BREAKDOWN,1809.0,1893.5,1555.5,1768.1,0.0464,637495,605975,1795.56,1.53,25.18
25-06-2026,IOC,D,PRE_BREAKDOWN,142.67,148.24,125.96,139.18,0.0381,14896965,14942414,142.04,2.02,32.82
25-06-2026,UPL,D,PRE_BREAKDOWN,587.0,614.8,503.6,568.4,0.0464,1623045,13423996,610.5,6.9,47.54
25-06-2026,BRITANNIA,D,PRE_BREAKDOWN,5180.0,5298.5,4824.5,5102.0,0.0225,256295,472081,5219.42,2.25,37.17
25-06-2026,HDFCAMC,D,PRE_BREAKDOWN,2621.0,2732.9,2285.3,2606.6,0.0426,872429,1613740,2628.77,0.84,31.23
24-06-2026,M&M,D,PRE_BREAKOUT,3151.0,3025.0,3529.0,3182.2,0.0415,3179606,5346892,3080.23,3.31,22.57
24-06-2026,KOTAKBANK,D,PRE_BREAKOUT,407.95,398.0,437.8,409.0,0.0248,12421786,16587414,396.44,3.17,33.6
24-06-2026,PIIND,D,PRE_BREAKDOWN,2732.9,2856.6,2361.8,2684.9,0.0447,256279,490261,2807.35,4.36,21.64
24-06-2026,MARUTI,D,PRE_BREAKOUT,13714.0,13201.0,15253.0,13745.0,0.0381,407692,981556,13362.62,2.86,25.67
24-06-2026,NTPC,D,PRE_BREAKDOWN,354.05,369.25,308.45,352.05,0.0417,13100523,19767157,364.28,3.36,41.98
24-06-2026,MFSL,D,PRE_BREAKDOWN,1632.6,1713.6,1389.6,1611.4,0.048,552639,644179,1636.7,1.55,22.94
24-06-2026,MOTHERSON,D,PRE_BREAKOUT,146.46,141.76,160.56,151.71,0.0327,15893444,74519440,143.48,5.74,30.94
24-06-2026,ULTRACEMCO,D,PRE_BREAKOUT,11479.0,11235.0,12211.0,11489.0,0.0216,275475,402451,11336.48,1.35,25.01
24-06-2026,COALINDIA,D,PRE_BREAKDOWN,440.9,457.5,391.1,435.4,0.0374,6527907,7046971,452.06,3.69,28.0
24-06-2026,ONGC,D,PRE_BREAKDOWN,239.5,247.75,214.75,233.1,0.0338,14656278,36085563,253.42,8.02,75.43
24-06-2026,TATAPOWER,D,PRE_BREAKDOWN,391.45,407.6,343.0,388.95,0.0405,6216354,6391714,403.03,3.49,31.2
24-06-2026,INDUSTOWER,D,PRE_BREAKDOWN,398.0,417.8,338.6,393.55,0.0495,5698684,7861840,413.09,4.73,30.8
24-06-2026,OIL,D,PRE_BREAKDOWN,413.2,425.0,377.8,406.8,0.0283,4102604,6484082,438.44,7.22,71.07
24-06-2026,HINDALCO,D,PRE_BREAKDOWN,970.3,1018.1,826.9,953.2,0.0484,7524491,12155741,1026.36,7.13,37.68
23-06-2026,PAGEIND,D,PRE_BREAKOUT,40480.0,39000.0,44920.0,40885.0,0.0376,28224,42399,39033.31,4.74,25.95
23-06-2026,ONGC,D,PRE_BREAKDOWN,243.0,247.75,228.75,240.0,0.0194,14646108,10278033,255.56,6.09,73.72
23-06-2026,PHOENIXLTD,D,PRE_BREAKOUT,1911.0,1842.0,2118.0,1912.3,0.0369,534157,619110,1819.28,5.11,28.12
23-06-2026,PIIND,D,PRE_BREAKDOWN,2757.6,2893.1,2351.1,2746.8,0.0483,273044,205952,2820.23,2.6,26.3
23-06-2026,TATAPOWER,D,PRE_BREAKDOWN,396.5,407.6,363.2,393.1,0.0273,6011670,5536727,404.51,2.82,29.16
23-06-2026,SHRIRAMFIN,D,PRE_BREAKOUT,1017.3,983.8,1117.8,1019.0,0.0337,5274405,7885319,969.67,5.09,21.06
23-06-2026,360ONE,D,PRE_BREAKDOWN,1111.3,1162.2,958.6,1099.9,0.0447,950091,561423,1107.68,0.7,20.28
23-06-2026,ICICIBANK,D,PRE_BREAKOUT,1369.1,1331.4,1482.2,1373.6,0.0279,15670433,16440708,1314.76,4.48,47.18
23-06-2026,CGPOWER,D,PRE_BREAKDOWN,937.0,969.9,838.3,919.45,0.0342,3069540,3996660,923.68,0.46,30.6
23-06-2026,AXISBANK,D,PRE_BREAKOUT,1371.9,1345.0,1452.6,1384.5,0.0198,6771475,8343829,1331.51,3.98,35.97
23-06-2026,HDFCAMC,D,PRE_BREAKDOWN,2654.6,2735.0,2413.4,2625.1,0.0299,910424,538871,2629.15,0.15,33.22
23-06-2026,COALINDIA,D,PRE_BREAKDOWN,443.5,461.55,389.35,441.75,0.0402,6923775,4169224,453.81,2.66,23.77
23-06-2026,INDIGO,D,PRE_BREAKOUT,5057.4,4840.0,5709.6,5207.2,0.0433,1139977,2145122,4765.26,9.27,50.51
23-06-2026,INDIANB,D,PRE_BREAKDOWN,845.0,884.95,725.15,843.65,0.0464,1892010,1582412,850.33,0.79,39.67
23-06-2026,CHOLAFIN,D,PRE_BREAKOUT,1742.8,1661.0,1988.2,1792.9,0.0476,1935884,2368949,1625.08,10.33,38.93
23-06-2026,APOLLOHOSP,D,PRE_BREAKOUT,8559.0,8385.0,9081.0,8573.5,0.0205,298107,399731,8384.98,2.25,21.65
23-06-2026,AUBANK,D,PRE_BREAKOUT,1051.0,1013.0,1165.0,1067.2,0.0364,1607032,4900913,1013.16,5.33,24.53
23-06-2026,FEDERALBNK,D,PRE_BREAKOUT,324.9,319.0,342.6,325.2,0.0182,7239039,9481304,312.09,4.2,69.17
23-06-2026,BAJFINANCE,D,PRE_BREAKOUT,977.7,948.0,1066.8,990.95,0.0307,8344445,9873777,935.99,5.87,29.65
22-06-2026,INDUSTOWER,D,PRE_BREAKDOWN,409.0,418.0,382.0,400.0,0.0219,5969198,6107870,416.89,4.05,30.17
22-06-2026,CHOLAFIN,D,PRE_BREAKOUT,1724.3,1649.8,1947.8,1725.9,0.044,1885472,1934588,1607.42,7.37,34.42
22-06-2026,HINDZINC,D,PRE_BREAKDOWN,552.55,576.15,481.75,546.8,0.0419,3849890,5514428,579.42,5.63,51.36
22-06-2026,UPL,D,PRE_BREAKDOWN,602.55,624.9,535.5,596.8,0.0367,1632862,1765065,619.43,3.65,40.25
22-06-2026,INDIANB,D,PRE_BREAKDOWN,848.7,884.95,739.95,846.4,0.0417,2076933,1789120,851.04,0.55,40.65
22-06-2026,NMDC,D,PRE_BREAKDOWN,87.09,89.25,80.61,85.26,0.0244,21998860,49914855,89.16,4.37,23.26
22-06-2026,PIIND,D,PRE_BREAKDOWN,2781.7,2904.4,2413.6,2767.0,0.0438,421488,163992,2827.96,2.16,30.15
22-06-2026,ASIANPAINT,D,PRE_BREAKDOWN,2670.0,2771.0,2367.0,2661.2,0.037,1140743,1182151,2686.23,0.93,43.2
22-06-2026,SUNPHARMA,D,PRE_BREAKOUT,1865.2,1792.6,2083.0,1868.0,0.0395,1984479,2812236,1820.54,2.61,32.82
22-06-2026,VEDL,D,PRE_BREAKDOWN,295.6,309.0,255.4,281.7,0.0445,17503485,174644055,319.81,11.92,33.79
22-06-2026,M&M,D,PRE_BREAKDOWN,3053.8,3165.0,2720.2,3037.3,0.0362,3159729,2828392,3070.02,1.07,25.06
22-06-2026,DABUR,D,PRE_BREAKDOWN,421.4,437.45,373.25,419.8,0.0379,1571439,1553970,430.57,2.5,21.24
22-06-2026,ZYDUSLIFE,D,PRE_BREAKOUT,1091.6,1053.8,1205.0,1112.2,0.0353,1149557,2429505,1073.72,3.58,38.41
22-06-2026,PATANJALI,D,PRE_BREAKDOWN,416.3,429.35,377.15,414.6,0.0309,2274433,1307563,430.0,3.58,64.77
19-06-2026,SUNPHARMA,D,PRE_BREAKOUT,1842.7,1792.6,1993.0,1862.9,0.0275,2135457,1588758,1815.55,2.61,28.51
19-06-2026,RECLTD,D,PRE_BREAKOUT,364.85,350.5,407.9,369.85,0.04,4829544,9413420,350.23,5.6,25.01
19-06-2026,DELHIVERY,D,PRE_BREAKOUT,463.5,444.75,519.75,483.8,0.0408,2227117,12506879,452.99,6.8,25.08
19-06-2026,NHPC,D,PRE_BREAKOUT,76.48,73.91,84.19,78.22,0.0338,24786972,50728687,75.94,3.0,20.96
19-06-2026,ASIANPAINT,D,PRE_BREAKDOWN,2718.8,2832.7,2377.1,2674.0,0.0413,1163685,1033475,2688.86,0.55,44.11
19-06-2026,IEX,D,PRE_BREAKOUT,125.6,122.25,135.65,125.68,0.0271,3971519,11354470,123.55,1.73,22.84
19-06-2026,IDFCFIRSTB,D,PRE_BREAKOUT,79.09,76.89,85.69,80.69,0.0282,28828872,44256995,74.77,7.92,54.25
18-06-2026,GLENMARK,D,PRE_BREAKOUT,2188.0,2101.0,2449.0,2213.6,0.0407,524233,954063,2207.88,0.26,49.7
18-06-2026,EXIDEIND,D,PRE_BREAKDOWN,383.2,399.45,334.45,380.75,0.0418,1656598,1489972,382.56,0.47,44.29
18-06-2026,SUNPHARMA,D,PRE_BREAKOUT,1830.0,1792.5,1942.5,1838.3,0.0206,2172303,2126703,1810.56,1.53,26.12
18-06-2026,OFSS,D,PRE_BREAKOUT,9609.0,9226.5,10756.5,9638.5,0.0405,192940,254329,9582.12,0.59,30.75
18-06-2026,PIIND,D,PRE_BREAKDOWN,2811.6,2921.9,2480.7,2803.6,0.0389,405168,258029,2837.41,1.19,33.65
18-06-2026,ITC,D,PRE_BREAKOUT,292.35,283.0,320.4,292.5,0.0322,13416676,13874008,290.08,0.83,49.62
17-06-2026,ADANIENT,D,PRE_BREAKOUT,2997.7,2886.2,3332.2,3013.4,0.0379,2010622,1774394,2890.65,4.25,48.83
17-06-2026,PNB,D,PRE_BREAKOUT,109.48,104.37,124.81,109.58,0.0473,22621509,17436034,106.99,2.42,30.1
17-06-2026,JSWENERGY,D,PRE_BREAKOUT,573.35,548.3,648.5,575.55,0.0446,2258843,3495488,567.16,1.48,37.51
17-06-2026,SUNPHARMA,D,PRE_BREAKOUT,1823.4,1778.7,1957.5,1824.8,0.0248,2201183,2054738,1807.64,0.95,25.35
17-06-2026,MAXHEALTH,D,PRE_BREAKOUT,1035.0,1003.15,1130.55,1090.45,0.0311,2157637,6871544,1015.83,7.35,30.48
17-06-2026,SBIN,D,PRE_BREAKOUT,1034.0,993.0,1157.0,1042.7,0.0404,14919390,11048009,1002.57,4.0,27.14
17-06-2026,DIVISLAB,D,PRE_BREAKOUT,6759.5,6571.0,7325.0,6767.0,0.0281,349680,411896,6670.59,1.45,22.43
16-06-2026,CIPLA,D,PRE_BREAKDOWN,1366.0,1397.9,1270.3,1350.8,0.0231,1093314,2014168,1379.79,2.1,31.07
16-06-2026,FEDERALBNK,D,PRE_BREAKOUT,321.1,307.05,363.25,322.7,0.0443,10471458,9029691,305.2,5.73,55.31
16-06-2026,HAL,D,PRE_BREAKOUT,4344.0,4160.0,4896.0,4460.5,0.0429,727348,1421845,4309.13,3.51,43.76
16-06-2026,MARICO,D,PRE_BREAKDOWN,806.5,832.95,727.15,805.0,0.0327,1665141,1937674,814.17,1.13,23.17
16-06-2026,BHARTIARTL,D,PRE_BREAKOUT,1859.2,1768.6,2131.0,1875.7,0.0492,6339289,7653632,1832.19,2.37,37.94
16-06-2026,SUNPHARMA,D,PRE_BREAKOUT,1818.0,1771.0,1959.0,1820.4,0.026,2444961,1771990,1805.84,0.81,25.13
16-06-2026,CUMMINSIND,D,PRE_BREAKOUT,5813.5,5541.0,6631.0,5833.0,0.0474,368052,338488,5624.51,3.71,35.27
15-06-2026,ITC,D,PRE_BREAKOUT,288.85,277.15,323.95,291.65,0.041,17088845,14467499,289.58,0.72,55.33
12-06-2026,GMRAIRPORT,D,PRE_BREAKOUT,103.9,99.1,118.3,106.66,0.048,23428558,23906470,100.18,6.47,24.36
12-06-2026,CUMMINSIND,D,PRE_BREAKOUT,5740.5,5541.0,6339.0,5754.0,0.0359,431312,409781,5589.84,2.94,35.31
12-06-2026,HEROMOTOCO,D,PRE_BREAKOUT,4985.0,4760.6,5658.2,5024.0,0.0464,578099,575605,4931.29,1.88,26.97
12-06-2026,NTPC,D,PRE_BREAKDOWN,348.8,365.35,299.15,348.1,0.047,13931186,17190759,369.79,5.87,38.53
12-06-2026,AUROPHARMA,D,PRE_BREAKDOWN,1437.1,1481.0,1305.4,1408.3,0.03,982379,3171180,1454.74,3.19,34.73
12-06-2026,BHARTIARTL,D,PRE_BREAKOUT,1837.0,1768.6,2042.2,1841.2,0.0384,6931083,5307277,1824.94,0.89,38.62
12-06-2026,EXIDEIND,D,PRE_BREAKOUT,394.0,380.35,434.95,394.85,0.0354,2930960,3677720,381.22,3.58,46.63
12-06-2026,ULTRACEMCO,D,PRE_BREAKOUT,11154.0,10706.0,12498.0,11466.0,0.0414,373184,404414,11254.66,1.88,39.18
11-06-2026,ASIANPAINT,D,PRE_BREAKOUT,2744.0,2630.1,3085.7,2747.4,0.042,1757431,1078025,2656.6,3.42,38.57
11-06-2026,SUNPHARMA,D,PRE_BREAKOUT,1805.0,1766.1,1921.7,1807.7,0.0218,3463930,1243362,1804.55,0.17,23.41
11-06-2026,AUBANK,D,PRE_BREAKOUT,982.0,947.25,1086.25,1015.5,0.0362,1882136,4077611,984.47,3.15,20.58
11-06-2026,SBIN,D,PRE_BREAKOUT,1012.4,965.15,1154.15,1017.15,0.0471,18503588,11081119,990.39,2.7,33.36
11-06-2026,MARUTI,D,PRE_BREAKOUT,13217.0,12841.0,14345.0,13366.0,0.0288,452765,559038,13128.7,1.81,22.02
11-06-2026,LICHSGFIN,D,PRE_BREAKOUT,554.0,533.4,615.8,559.5,0.0381,1531171,2541823,547.12,2.26,20.73
11-06-2026,IDFCFIRSTB,D,PRE_BREAKOUT,74.5,71.1,84.7,76.5,0.0466,35862149,47039199,71.63,6.8,33.08
11-06-2026,HYUNDAI,D,PRE_BREAKOUT,1951.0,1863.0,2215.0,1990.1,0.0465,3198072,1206561,1893.45,5.1,35.71
10-06-2026,DMART,D,PRE_BREAKDOWN,4031.0,4235.2,3418.4,3987.0,0.0499,610183,279379,4147.97,3.88,54.02
10-06-2026,HAVELLS,D,PRE_BREAKDOWN,1129.1,1177.6,983.6,1129.0,0.0422,1238285,559810,1176.67,4.05,49.74
10-06-2026,TVSMOTOR,D,PRE_BREAKDOWN,3292.2,3400.7,2966.7,3287.4,0.0323,1212340,913252,3382.98,2.83,25.64
10-06-2026,BAJAJFINSV,D,PRE_BREAKDOWN,1660.4,1740.5,1420.1,1645.1,0.0473,778305,589370,1728.31,4.81,43.76
10-06-2026,TIINDIA,D,PRE_BREAKDOWN,3026.0,3170.1,2593.7,2975.3,0.0464,442010,250989,3045.17,2.29,23.63
10-06-2026,HDFCAMC,D,PRE_BREAKDOWN,2436.3,2548.5,2099.7,2389.8,0.0448,1053660,1069770,2580.02,7.37,33.87
10-06-2026,HCLTECH,D,PRE_BREAKDOWN,1130.0,1182.5,972.5,1110.2,0.0458,4125480,3435236,1165.49,4.74,20.03
10-06-2026,CONCOR,D,PRE_BREAKDOWN,441.8,457.8,393.8,440.25,0.0353,1776902,1235614,470.88,6.51,69.28
10-06-2026,BANDHANBNK,D,PRE_BREAKDOWN,198.84,208.95,168.51,193.9,0.0489,8807952,7607741,200.27,3.18,26.9
10-06-2026,SONACOMS,D,PRE_BREAKDOWN,585.4,612.35,504.55,585.1,0.0448,1519726,2093237,594.35,1.56,21.34
10-06-2026,SBICARD,D,PRE_BREAKDOWN,571.3,597.05,494.05,568.25,0.044,1391739,630981,605.98,6.23,37.98
09-06-2026,GODREJCP,D,PRE_BREAKOUT,1016.3,975.4,1139.0,1027.6,0.041,1579421,1601364,1023.06,0.44,31.87
09-06-2026,ICICIPRULI,D,PRE_BREAKDOWN,473.05,490.4,421.0,465.8,0.0365,1889835,657078,499.11,6.67,50.9
09-06-2026,KOTAKBANK,D,PRE_BREAKOUT,384.0,372.7,417.9,388.1,0.03,15897784,21427363,381.73,1.67,30.54
09-06-2026,NESTLEIND,D,PRE_BREAKOUT,1417.2,1372.3,1551.9,1438.3,0.0321,2562268,2288648,1416.63,1.53,35.3
09-06-2026,NHPC,D,PRE_BREAKDOWN,73.14,76.69,62.49,72.67,0.0483,68604759,27403224,76.7,5.25,23.31
09-06-2026,UPL,D,PRE_BREAKDOWN,621.1,648.0,540.4,611.0,0.043,2136440,2242695,636.77,4.05,20.14
09-06-2026,ONGC,D,PRE_BREAKDOWN,258.3,271.15,219.75,251.9,0.0486,19523895,10176332,273.56,7.92,38.64
09-06-2026,SBILIFE,D,PRE_BREAKDOWN,1754.7,1809.9,1589.1,1728.7,0.0313,999225,1149490,1809.71,4.48,29.98
09-06-2026,BANDHANBNK,D,PRE_BREAKDOWN,201.0,209.44,175.68,199.76,0.0416,10032119,6029012,200.94,0.59,26.97
09-06-2026,SOLARINDS,D,PRE_BREAKDOWN,18001.0,18770.0,15694.0,17697.0,0.0425,171561,95976,17829.39,0.74,50.08
09-06-2026,MAZDOCK,D,PRE_BREAKDOWN,2368.1,2479.0,2035.4,2367.6,0.0464,756494,653893,2462.56,3.86,21.99
08-06-2026,TATAPOWER,D,PRE_BREAKDOWN,402.3,417.25,357.45,398.65,0.0365,5098800,5796055,414.86,3.91,32.09
08-06-2026,ZYDUSLIFE,D,PRE_BREAKOUT,1100.0,1048.9,1253.3,1105.6,0.0469,1915141,1299872,1050.47,5.25,77.67
08-06-2026,IDFCFIRSTB,D,PRE_BREAKOUT,72.9,69.53,83.01,73.69,0.0466,33640120,42291787,70.71,4.22,24.26
08-06-2026,MANKIND,D,PRE_BREAKOUT,2383.5,2275.6,2707.2,2391.0,0.0462,677626,313423,2385.41,0.23,31.81
08-06-2026,ONGC,D,PRE_BREAKDOWN,261.05,271.15,230.75,259.0,0.0381,19727965,10796349,275.84,6.11,32.88
08-06-2026,PIIND,D,PRE_BREAKOUT,2768.2,2657.2,3101.2,2866.4,0.0408,357706,1648437,2844.15,0.78,49.62
08-06-2026,INDUSTOWER,D,PRE_BREAKDOWN,423.85,437.0,384.4,419.4,0.0306,7531837,10047596,425.94,1.54,58.07
08-06-2026,ASIANPAINT,D,PRE_BREAKOUT,2699.8,2607.9,2975.5,2708.1,0.0342,1615076,1416560,2634.78,2.78,34.52
05-06-2026,RELIANCE,D,PRE_BREAKDOWN,1288.0,1335.5,1145.5,1263.3,0.0364,17875024,16494759,1332.29,5.18,46.77
05-06-2026,SONACOMS,D,PRE_BREAKDOWN,590.8,615.15,517.75,588.25,0.0405,1632554,803733,595.35,1.19,20.04
05-06-2026,HINDPETRO,D,PRE_BREAKDOWN,378.65,396.05,326.45,372.75,0.045,6156160,4236128,384.56,3.07,25.43
05-06-2026,TATAPOWER,D,PRE_BREAKDOWN,406.55,423.75,354.95,404.2,0.0419,5263482,2751940,416.56,2.97,36.14
05-06-2026,WAAREEENER,D,PRE_BREAKDOWN,3026.4,3163.0,2616.6,3003.8,0.0445,1395549,576226,3097.4,3.02,23.4
04-06-2026,ADANIENT,D,PRE_BREAKOUT,2995.0,2865.2,3384.4,3048.2,0.0444,2551206,5617327,2798.33,8.93,61.58
04-06-2026,WIPRO,D,PRE_BREAKDOWN,202.0,211.0,175.0,198.37,0.0441,47160532,43539069,201.3,1.45,28.77
04-06-2026,JINDALSTEL,D,PRE_BREAKDOWN,1190.0,1230.5,1068.5,1181.3,0.0334,1004156,1034889,1216.96,2.93,41.73
04-06-2026,HINDALCO,D,PRE_BREAKDOWN,1121.4,1176.0,957.6,1092.6,0.0479,6282001,4546693,1100.73,0.74,31.91
03-06-2026,LAURUSLABS,D,PRE_BREAKOUT,1398.8,1356.4,1526.0,1427.2,0.0307,1912906,1983191,1330.62,7.26,74.76
02-06-2026,IDEA,D,PRE_BREAKOUT,14.44,13.81,16.33,14.85,0.0452,803869780,1132162694,13.17,12.79,81.31
02-06-2026,FEDERALBNK,D,PRE_BREAKOUT,293.9,283.6,324.8,301.05,0.0357,30341525,15946881,290.13,3.76,21.06
01-06-2026,RECLTD,D,PRE_BREAKDOWN,331.0,345.0,289.0,325.05,0.0415,4681192,6501043,342.82,5.18,50.41
01-06-2026,CIPLA,D,PRE_BREAKDOWN,1382.7,1432.0,1234.8,1379.3,0.0352,1976683,2290839,1382.11,0.2,29.63
01-06-2026,BRITANNIA,D,PRE_BREAKDOWN,5122.0,5370.0,4378.0,5117.0,0.0477,480650,458858,5373.18,4.77,54.38
01-06-2026,AXISBANK,D,PRE_BREAKDOWN,1267.0,1317.0,1117.0,1251.1,0.0389,6790009,11884695,1281.36,2.36,26.65
01-06-2026,GODREJCP,D,PRE_BREAKDOWN,1006.3,1053.6,864.4,999.1,0.046,2163302,3217912,1037.81,3.73,44.66
01-06-2026,BAJAJFINSV,D,PRE_BREAKDOWN,1756.0,1817.6,1571.2,1741.4,0.0345,694400,1004282,1773.32,1.8,37.07
01-06-2026,RELIANCE,D,PRE_BREAKDOWN,1317.0,1371.1,1154.7,1314.6,0.0409,15926273,23302785,1352.74,2.82,35.02
