Date,Symbol,Type,Pattern,Entry,SL,Target,Close,Volume,DeliveryPct,DelivSpikeRatio,ATR
01-10-2026,360ONE,LONG,LIQUIDITY_SWEEP_BUY,1040.0,977.61,1164.78,1040.0,1213803,60.4,1.22,30.39
01-10-2026,JKIL,LONG,LIQUIDITY_SWEEP_BUY,461.85,429.09,527.37,461.85,85893,64.5,1.76,12.91
01-10-2026,LTFOODS,LONG,LIQUIDITY_SWEEP_BUY,399.15,375.95,445.55,399.15,813144,54.6,1.74,13.15
01-10-2026,LUMAXIND,LONG,LIQUIDITY_SWEEP_BUY,5550.0,5142.85,6364.3,5550.0,16937,47.7,1.19,214.15
01-10-2026,LUPIN,LONG,LIQUIDITY_SWEEP_BUY,2031.2,1963.74,2166.12,2031.2,825892,55.7,1.19,40.46
01-10-2026,MANAKCOAT,LONG,LIQUIDITY_SWEEP_BUY,126.59,119.36,141.05,126.59,539492,46.4,1.05,5.14
01-10-2026,MAXHEALTH,LONG,LIQUIDITY_SWEEP_BUY,940.95,872.41,1078.03,940.95,5464461,52.5,1.98,29.64
01-10-2026,MEDPLUS,LONG,LIQUIDITY_SWEEP_BUY,654.3,628.03,706.84,654.3,134611,57.6,1.27,14.57
01-10-2026,MOM50,SHORT,LIQUIDITY_GRAB_SELL,235.67,260.73,185.55,235.67,20224,92.0,3.49,5.83
01-10-2026,NATCOPHARM,LONG,LIQUIDITY_SWEEP_BUY,821.3,782.12,899.66,821.3,717435,55.4,1.52,21.88
01-10-2026,NELCAST,SHORT,LIQUIDITY_GRAB_SELL,121.03,132.02,99.05,121.03,273249,47.8,1.5,5.64
01-10-2026,NIRLON,SHORT,LIQUIDITY_GRAB_SELL,606.8,639.79,540.82,606.8,6734,48.1,1.2,14.39
01-10-2026,RAMAPHO,SHORT,LIQUIDITY_GRAB_SELL,120.05,132.57,95.01,120.05,41090,58.6,2.15,4.57
01-10-2026,SGMART,SHORT,LIQUIDITY_GRAB_SELL,742.2,803.24,620.12,742.2,314856,45.9,1.4,32.24
01-10-2026,SSWL,SHORT,LIQUIDITY_GRAB_SELL,390.8,440.07,292.26,390.8,3280912,31.9,2.14,20.27
01-10-2026,STOVEKRAFT,LONG,LIQUIDITY_SWEEP_BUY,809.15,758.13,911.19,809.15,170167,60.9,1.59,28.92
01-10-2026,STYRENIX,LONG,LIQUIDITY_SWEEP_BUY,2055.0,1886.05,2392.9,2055.0,55786,52.6,1.6,64.25
01-10-2026,TATACONSUM,LONG,LIQUIDITY_SWEEP_BUY,957.0,926.77,1017.46,957.0,1829307,62.5,1.44,18.23
01-10-2026,VAIBHAVGBL,LONG,LIQUIDITY_SWEEP_BUY,203.53,190.38,229.83,203.53,254791,44.0,1.22,6.5
01-10-2026,KOTAKBANK,SHORT,LIQUIDITY_GRAB_SELL,418.35,444.59,365.87,418.35,76637247,58.2,4.65,8.99
01-10-2026,NEULANDLAB,LONG,LIQUIDITY_SWEEP_BUY,21505.0,19994.04,24526.92,21505.0,70377,54.0,1.45,720.96
01-10-2026,IPCALAB,LONG,LIQUIDITY_SWEEP_BUY,1943.2,1821.5,2186.6,1943.2,323967,57.5,1.33,59.3
01-10-2026,ASTERDM,LONG,LIQUIDITY_SWEEP_BUY,708.9,659.93,806.84,708.9,1534481,63.6,1.16,24.32
01-10-2026,ICICIGI,SHORT,LIQUIDITY_GRAB_SELL,1563.0,1636.74,1415.52,1563.0,1189772,60.5,1.32,42.04
01-10-2026,AARVI,LONG,LIQUIDITY_SWEEP_BUY,137.12,125.05,161.26,137.12,18690,64.2,2.0,4.95
01-10-2026,ABSLAMC,LONG,LIQUIDITY_SWEEP_BUY,991.7,900.0,1175.1,991.7,282008,34.9,1.4,42.5
01-10-2026,ALKEM,LONG,LIQUIDITY_SWEEP_BUY,5220.0,4983.61,5692.78,5220.0,291015,66.6,1.83,126.39
01-10-2026,AMAGI,LONG,LIQUIDITY_SWEEP_BUY,554.05,506.28,649.59,554.05,919619,42.6,2.65,24.92
01-10-2026,ANGELONE,LONG,LIQUIDITY_SWEEP_BUY,276.8,259.15,312.1,276.8,6751156,34.4,1.27,8.65
01-10-2026,APOLLOHOSP,LONG,LIQUIDITY_SWEEP_BUY,8133.5,7714.05,8972.4,8133.5,939105,55.5,2.09,195.95
01-10-2026,ASIANPAINT,LONG,LIQUIDITY_SWEEP_BUY,2407.0,2332.59,2555.82,2407.0,1005836,70.4,1.8,44.41
01-10-2026,5PAISA,LONG,LIQUIDITY_SWEEP_BUY,316.35,287.39,374.27,316.35,104625,45.0,2.49,11.61
01-10-2026,BLUEJET,LONG,LIQUIDITY_SWEEP_BUY,541.8,502.04,621.32,541.8,522842,51.3,1.18,19.11
01-10-2026,CARYSIL,LONG,LIQUIDITY_SWEEP_BUY,1044.8,953.28,1227.84,1044.8,320062,61.2,2.9,42.42
01-10-2026,COROMANDEL,LONG,LIQUIDITY_SWEEP_BUY,1763.6,1645.05,2000.7,1763.6,239111,48.3,1.48,55.95
01-10-2026,DHANUKA,LONG,LIQUIDITY_SWEEP_BUY,935.05,883.32,1038.51,935.05,35421,56.0,1.58,25.08
01-10-2026,DHARMAJ,LONG,LIQUIDITY_SWEEP_BUY,267.65,244.79,313.37,267.65,75720,57.2,1.58,11.06
01-10-2026,FORTIS,LONG,LIQUIDITY_SWEEP_BUY,785.0,720.02,914.96,785.0,6942851,53.2,4.03,25.33
01-10-2026,GREENLAM,LONG,LIQUIDITY_SWEEP_BUY,213.62,199.89,241.08,213.62,114653,58.1,2.2,7.51
01-10-2026,ATULAUTO,SHORT,LIQUIDITY_GRAB_SELL,424.8,483.45,307.5,424.8,671718,22.0,6.6,15.5
01-10-2026,HINDALCO,LONG,LIQUIDITY_SWEEP_BUY,941.85,901.67,1022.21,941.85,5877840,56.4,1.58,21.83
30-09-2026,BOSCHLTD,PRE_BREAKOUT,PRE_BREAKOUT,47545.05,45960.0,52300.2,47100.0,30394,43.75,2.04,
30-09-2026,CUB,PRE_BREAKOUT,PRE_BREAKOUT,229.05,214.91,271.47,226.05,8157697,29.65,3.18,
30-09-2026,SUNTV,PRE_BREAKOUT,PRE_BREAKOUT,663.95,554.05,993.65,605.0,34672457,8.1,16.29,
30-09-2026,JKCEMENT,PRE_BREAKOUT,PRE_BREAKOUT,5117.05,4793.98,6086.26,5076.0,106778,63.42,3.12,
30-09-2026,JINDALSTEL,PRE_BREAKOUT,PRE_BREAKOUT,1144.35,1107.15,1255.95,1134.9,1535849,56.06,2.2,
29-09-2026,ABBOTINDIA,PRE_BREAKOUT,PRE_BREAKOUT,27850.05,26191.15,32826.75,27270.0,20582,33.23,4.84,
29-09-2026,ALKEM,PRE_BREAKOUT,PRE_BREAKOUT,5306.55,5096.28,5937.36,5250.0,244410,51.82,2.3,
29-09-2026,TORNTPHARM,PRE_BREAKOUT,PRE_BREAKOUT,4948.05,4735.37,5586.09,4894.0,725626,61.63,2.27,
29-09-2026,GRANULES,PRE_BREAKOUT,PRE_BREAKOUT,877.0,843.37,977.89,866.75,1132457,51.88,2.34,
29-09-2026,ADANIENT,PRE_BREAKOUT,PRE_BREAKOUT,2972.95,2793.7,3510.7,2972.9,4062231,67.72,4.45,
29-09-2026,INDHOTEL,PRE_BREAKOUT,PRE_BREAKOUT,725.95,704.6,790.0,714.35,26142773,77.25,16.4,
29-09-2026,TATAPOWER,PRE_BREAKOUT,PRE_BREAKOUT,360.75,353.95,381.15,359.0,10743181,64.36,4.73,
29-09-2026,JSWSTEEL,PRE_BREAKOUT,PRE_BREAKOUT,1272.45,1246.6,1350.0,1272.4,2499215,68.11,2.35,
29-09-2026,ADANIPORTS,PRE_BREAKOUT,PRE_BREAKOUT,1822.05,1700.77,2185.89,1822.0,4214197,70.77,3.63,
28-09-2026,PETRONET,PRE_BREAKOUT,PRE_BREAKOUT,293.1,282.47,324.99,289.85,2937411,44.24,2.31,
25-09-2026,BALRAMCHIN,PRE_BREAKOUT,PRE_BREAKOUT,697.05,655.29,822.33,685.8,4511284,10.72,4.97,
24-09-2026,ICICIGI,PRE_BREAKOUT,PRE_BREAKOUT,1583.95,1465.6,1939.0,1577.0,2743847,32.25,3.06,
24-09-2026,SBILIFE,PRE_BREAKOUT,PRE_BREAKOUT,1791.45,1679.36,2127.72,1755.0,3449627,51.66,4.07,
24-09-2026,MCX,PRE_BREAKOUT,PRE_BREAKOUT,3477.05,3159.27,4430.39,3427.7,4133428,32.03,2.49,
24-09-2026,SUNTV,PRE_BREAKOUT,PRE_BREAKOUT,522.05,476.87,657.59,512.7,3364719,17.09,2.52,
23-09-2026,SAIL,PRE_BREAKOUT,PRE_BREAKOUT,185.75,174.5,219.5,185.44,41615771,43.7,4.42,
23-09-2026,BANDHANBNK,PRE_BREAKOUT,PRE_BREAKOUT,193.05,176.02,244.14,191.38,41844761,36.37,2.98,
22-09-2026,SUNTV,PRE_BREAKOUT,PRE_BREAKOUT,494.25,453.04,617.88,490.1,3413835,22.68,8.09,
22-09-2026,PIIND,PRE_BREAKOUT,PRE_BREAKOUT,2428.75,2346.33,2676.01,2410.0,837735,17.28,3.46,
22-09-2026,RBLBANK,PRE_BREAKOUT,PRE_BREAKOUT,424.45,394.23,515.11,423.2,7366610,28.6,3.04,
22-09-2026,COALINDIA,PRE_BREAKOUT,PRE_BREAKOUT,428.8,411.9,479.5,428.0,16676174,48.32,3.02,
18-09-2026,JUBLFOOD,PRE_BREAKOUT,PRE_BREAKOUT,502.05,480.3,567.3,500.0,2900829,60.8,4.78,
18-09-2026,BHARATFORG,PRE_BREAKOUT,PRE_BREAKOUT,1994.95,1937.8,2166.4,1962.1,1602315,42.19,3.74,
18-09-2026,POONAWALLA,PRE_BREAKOUT,PRE_BREAKOUT,492.05,434.0,666.2,479.4,7163603,29.02,8.44,
18-09-2026,EXIDEIND,PRE_BREAKOUT,PRE_BREAKOUT,444.75,419.35,520.95,435.85,5570954,45.68,2.81,
18-09-2026,INDHOTEL,PRE_BREAKOUT,PRE_BREAKOUT,743.05,697.5,879.7,732.75,3256156,57.95,2.27,
18-09-2026,IRCTC,PRE_BREAKOUT,PRE_BREAKOUT,480.05,457.15,548.75,476.75,1670118,48.97,2.27,
18-09-2026,NAVINFLUOR,PRE_BREAKOUT,PRE_BREAKOUT,8682.55,8231.5,10035.7,8590.0,298599,59.55,3.18,
18-09-2026,BALKRISIND,PRE_BREAKOUT,PRE_BREAKOUT,2296.05,2166.0,2686.2,2265.3,616772,63.67,2.89,
18-09-2026,COROMANDEL,PRE_BREAKOUT,PRE_BREAKOUT,2019.95,1919.5,2321.3,1999.5,302340,68.36,3.42,
18-09-2026,ABB,PRE_BREAKOUT,PRE_BREAKOUT,7307.05,7151.0,7775.2,7270.5,383030,57.62,2.38,
18-09-2026,SIEMENS,PRE_BREAKOUT,PRE_BREAKOUT,3913.95,3770.0,4345.8,3913.9,666502,54.39,2.66,
18-09-2026,ABCAPITAL,PRE_BREAKOUT,PRE_BREAKOUT,410.1,386.13,482.01,410.05,4888619,62.47,2.54,
18-09-2026,CONCOR,PRE_BREAKOUT,PRE_BREAKOUT,504.6,485.1,563.1,504.55,2242132,67.01,3.41,
18-09-2026,ADANIPORTS,PRE_BREAKOUT,PRE_BREAKOUT,1824.05,1704.03,2184.11,1824.0,4148803,76.82,2.62,
18-09-2026,BPCL,PRE_BREAKOUT,PRE_BREAKOUT,314.25,304.5,343.5,314.0,9439555,74.4,2.58,
18-09-2026,SBICARD,PRE_BREAKOUT,PRE_BREAKOUT,651.2,617.87,751.19,651.15,3242132,68.62,2.1,
18-09-2026,UPL,PRE_BREAKOUT,PRE_BREAKOUT,580.05,553.39,660.03,580.0,3779171,80.72,2.07,
18-09-2026,PETRONET,PRE_BREAKOUT,PRE_BREAKOUT,292.65,282.15,324.15,292.6,3218273,80.82,2.59,
18-09-2026,BHARTIARTL,PRE_BREAKOUT,PRE_BREAKOUT,1893.35,1835.3,2067.5,1893.3,14189780,87.97,3.52,
18-09-2026,ABBOTINDIA,PRE_BREAKOUT,PRE_BREAKOUT,27490.05,25860.2,32379.6,27270.0,38339,66.84,4.99,
17-09-2026,SRF,PRE_BREAKOUT,PRE_BREAKOUT,2554.05,2491.95,2740.35,2536.0,796952,28.65,4.54,
17-09-2026,GNFC,PRE_BREAKOUT,PRE_BREAKOUT,599.05,538.2,781.6,584.85,8250274,14.11,16.85,
17-09-2026,SBILIFE,PRE_BREAKOUT,PRE_BREAKOUT,1771.15,1688.01,2020.57,1766.9,1760558,56.9,2.12,
17-09-2026,ICICIPRULI,PRE_BREAKOUT,PRE_BREAKOUT,496.95,468.75,581.55,490.5,2550650,39.08,2.06,
16-09-2026,COLPAL,PRE_BREAKOUT,PRE_BREAKOUT,1900.15,1830.1,2110.3,1860.0,1465224,35.97,4.05,
16-09-2026,INDIAMART,PRE_BREAKOUT,PRE_BREAKOUT,1768.85,1645.2,2139.8,1706.3,365133,19.35,3.65,
16-09-2026,TATACHEM,PRE_BREAKOUT,PRE_BREAKOUT,788.05,691.9,1076.5,731.8,25483055,9.61,33.67,
15-09-2026,TATACHEM,PRE_BREAKOUT,PRE_BREAKOUT,734.95,655.4,973.6,734.9,1823658,96.17,3.7,
15-09-2026,MPHASIS,PRE_BREAKOUT,PRE_BREAKOUT,2461.15,2337.11,2833.27,2378.0,1176828,33.7,3.55,
11-09-2026,INDUSTOWER,PRE_BREAKOUT,PRE_BREAKOUT,390.9,361.81,478.17,388.0,16707001,41.12,5.71,
11-09-2026,SUNTV,PRE_BREAKOUT,PRE_BREAKOUT,485.55,450.0,592.2,476.0,3312335,17.63,7.59,
11-09-2026,LICHSGFIN,PRE_BREAKOUT,PRE_BREAKOUT,572.4,536.85,679.05,562.9,11556446,42.53,3.39,
11-09-2026,BANDHANBNK,PRE_BREAKOUT,PRE_BREAKOUT,178.59,164.35,221.31,176.52,25334991,57.58,2.44,
11-09-2026,GRANULES,PRE_BREAKOUT,PRE_BREAKOUT,914.9,836.41,1150.37,909.3,7851231,63.58,5.36,
10-09-2026,CHOLAFIN,PRE_BREAKOUT,PRE_BREAKOUT,1868.25,1789.99,2103.03,1859.0,2679971,67.31,2.99,
10-09-2026,DRREDDY,PRE_BREAKOUT,PRE_BREAKOUT,1147.25,1134.9,1184.3,1143.0,1684792,74.47,3.45,
09-09-2026,ADANIPORTS,PRE_BREAKOUT,PRE_BREAKOUT,1785.95,1669.96,2133.92,1775.0,5527528,55.5,2.95,
09-09-2026,ADANIENT,PRE_BREAKOUT,PRE_BREAKOUT,3142.05,2930.75,3775.95,3104.7,5320594,36.86,4.86,
09-09-2026,ABB,PRE_BREAKOUT,PRE_BREAKOUT,7480.05,7295.25,8034.45,7401.5,309539,57.68,2.07,
09-09-2026,NAVINFLUOR,PRE_BREAKOUT,PRE_BREAKOUT,8949.55,8294.79,10913.83,8775.5,294169,44.5,2.14,
08-09-2026,HAL,PRE_BREAKOUT,PRE_BREAKOUT,5072.05,4835.16,5782.72,5031.1,2553021,41.15,3.73,
08-09-2026,BEL,PRE_BREAKOUT,PRE_BREAKOUT,416.05,394.84,479.68,410.55,23225496,47.94,2.93,
08-09-2026,BANDHANBNK,PRE_BREAKOUT,PRE_BREAKOUT,172.45,163.3,199.9,171.58,20828794,39.24,4.04,
08-09-2026,NAUKRI,PRE_BREAKOUT,PRE_BREAKOUT,1298.35,1251.9,1437.7,1292.0,2345489,56.58,2.4,
07-09-2026,CUB,PRE_BREAKOUT,PRE_BREAKOUT,248.9,221.14,332.18,238.48,6586154,30.64,2.11,
04-09-2026,HDFCLIFE,PRE_BREAKOUT,PRE_BREAKOUT,548.05,532.54,594.58,546.4,6016219,59.99,2.66,
04-09-2026,HAL,PRE_BREAKOUT,PRE_BREAKOUT,4936.05,4817.4,5292.0,4856.0,1399667,31.86,2.71,
04-09-2026,IGL,PRE_BREAKOUT,PRE_BREAKOUT,159.55,148.6,192.4,158.04,8174532,40.79,3.92,
03-09-2026,GRANULES,PRE_BREAKOUT,PRE_BREAKOUT,873.55,809.18,1066.66,853.85,2829036,44.27,4.19,
03-09-2026,GODREJPROP,PRE_BREAKOUT,PRE_BREAKOUT,2056.75,1960.0,2347.0,2001.5,1323927,47.55,2.02,
03-09-2026,OBEROIRLTY,PRE_BREAKOUT,PRE_BREAKOUT,1912.75,1822.4,2183.8,1902.0,1127326,54.35,2.97,
03-09-2026,RBLBANK,PRE_BREAKOUT,PRE_BREAKOUT,410.75,383.8,491.6,408.1,19862463,30.01,8.81,
03-09-2026,GRASIM,PRE_BREAKOUT,PRE_BREAKOUT,3325.25,3200.42,3699.74,3310.0,2310916,61.48,2.67,
02-09-2026,RBLBANK,PRE_BREAKOUT,PRE_BREAKOUT,392.75,369.36,462.92,389.4,4297189,45.52,2.52,
02-09-2026,COALINDIA,PRE_BREAKOUT,PRE_BREAKOUT,422.45,400.1,489.5,417.85,34130970,28.31,2.75,
01-09-2026,MPHASIS,PRE_BREAKOUT,PRE_BREAKOUT,2523.05,2338.49,3076.73,2505.5,932222,43.44,2.45,
01-09-2026,DEEPAKNTR,PRE_BREAKOUT,PRE_BREAKOUT,1820.05,1705.55,2163.55,1782.8,1005828,47.78,3.12,
31-08-2026,LTTS,PRE_BREAKOUT,PRE_BREAKOUT,3675.05,3455.37,4334.09,3608.4,685826,62.01,15.21,
31-08-2026,DALBHARAT,PRE_BREAKOUT,PRE_BREAKOUT,1897.85,1774.28,2268.56,1856.2,2142193,63.58,7.19,
31-08-2026,SBICARD,PRE_BREAKOUT,PRE_BREAKOUT,668.5,623.25,804.25,644.75,26270918,86.2,14.64,
31-08-2026,MRF,PRE_BREAKOUT,PRE_BREAKOUT,135800.05,129101.16,155896.72,133745.0,12796,65.08,3.58,
31-08-2026,AUROPHARMA,PRE_BREAKOUT,PRE_BREAKOUT,1717.05,1602.83,2059.71,1717.0,2416718,49.22,3.51,
31-08-2026,ASTRAL,PRE_BREAKOUT,PRE_BREAKOUT,1581.05,1489.78,1854.86,1522.2,11516278,76.53,24.72,
31-08-2026,IGL,PRE_BREAKOUT,PRE_BREAKOUT,152.44,147.21,168.13,150.49,5205064,23.69,2.99,
31-08-2026,BALRAMCHIN,PRE_BREAKOUT,PRE_BREAKOUT,739.0,647.55,1013.35,693.5,39555765,6.41,7.73,
31-08-2026,CUB,PRE_BREAKOUT,PRE_BREAKOUT,230.49,204.28,309.12,229.19,4962483,47.16,2.25,
31-08-2026,NESTLEIND,PRE_BREAKOUT,PRE_BREAKOUT,1496.55,1427.6,1703.4,1496.5,2320372,74.71,2.41,
31-08-2026,OBEROIRLTY,PRE_BREAKOUT,PRE_BREAKOUT,1875.35,1822.56,2033.72,1868.0,777602,68.78,3.02,
31-08-2026,TORNTPHARM,PRE_BREAKOUT,PRE_BREAKOUT,5066.05,4890.0,5594.2,5066.0,650409,77.37,2.84,
31-08-2026,ICICIBANK,PRE_BREAKOUT,PRE_BREAKOUT,1454.05,1393.5,1635.7,1454.0,15331697,78.23,2.04,
31-08-2026,ICICIPRULI,PRE_BREAKOUT,PRE_BREAKOUT,517.1,489.69,599.33,517.05,3462285,77.99,3.4,
31-08-2026,PIDILITIND,PRE_BREAKOUT,PRE_BREAKOUT,1687.75,1611.1,1917.7,1687.7,1907573,72.37,3.25,
31-08-2026,ABCAPITAL,PRE_BREAKOUT,PRE_BREAKOUT,409.45,397.95,443.95,409.4,5834090,58.61,2.63,
31-08-2026,BOSCHLTD,PRE_BREAKOUT,PRE_BREAKOUT,50000.05,46937.61,59187.37,50000.0,60545,65.52,2.17,
31-08-2026,MOTHERSON,PRE_BREAKOUT,PRE_BREAKOUT,170.73,160.74,200.7,170.68,20098698,62.5,2.25,
31-08-2026,IOC,PRE_BREAKOUT,PRE_BREAKOUT,139.18,134.32,153.76,139.13,14038943,63.48,2.07,
28-08-2026,TECHM,PRE_BREAKOUT,PRE_BREAKOUT,1642.05,1568.98,1861.26,1640.9,3415226,51.08,2.0,
28-08-2026,BSOFT,PRE_BREAKOUT,PRE_BREAKOUT,304.0,289.9,346.3,300.9,3235524,35.25,3.5,
28-08-2026,TATACHEM,PRE_BREAKOUT,PRE_BREAKOUT,674.85,629.07,812.19,655.75,1439859,31.4,3.2,
28-08-2026,METROPOLIS,PRE_BREAKOUT,PRE_BREAKOUT,602.05,552.19,751.63,588.45,687298,45.53,2.69,
28-08-2026,NAUKRI,PRE_BREAKOUT,PRE_BREAKOUT,1369.45,1283.96,1625.92,1354.0,1808851,49.49,2.02,
28-08-2026,TCS,PRE_BREAKOUT,PRE_BREAKOUT,2348.55,2263.3,2604.3,2342.0,4054069,39.57,2.02,
28-08-2026,OFSS,PRE_BREAKOUT,PRE_BREAKOUT,12275.05,11186.38,15541.06,12190.0,428317,34.95,2.28,
28-08-2026,CONCOR,PRE_BREAKOUT,PRE_BREAKOUT,520.05,502.35,573.15,516.0,4311023,32.05,4.01,
28-08-2026,WIPRO,PRE_BREAKOUT,PRE_BREAKOUT,181.9,178.25,192.85,180.95,14686269,37.63,2.01,
28-08-2026,PERSISTENT,PRE_BREAKOUT,PRE_BREAKOUT,5910.05,5447.52,7297.64,5875.0,957631,36.58,3.28,
28-08-2026,COALINDIA,PRE_BREAKOUT,PRE_BREAKOUT,406.4,397.5,433.1,401.0,38504284,79.38,5.3,
28-08-2026,MPHASIS,PRE_BREAKOUT,PRE_BREAKOUT,2482.05,2344.24,2895.48,2455.0,956656,66.22,4.67,
28-08-2026,COFORGE,PRE_BREAKOUT,PRE_BREAKOUT,2016.55,1863.29,2476.33,2014.6,5516587,34.81,3.38,
28-08-2026,HCLTECH,PRE_BREAKOUT,PRE_BREAKOUT,1334.25,1283.97,1485.09,1316.1,3459476,48.49,2.6,
27-08-2026,INDUSTOWER,PRE_BREAKOUT,PRE_BREAKOUT,384.25,368.76,430.72,379.95,9414509,73.3,2.2,
27-08-2026,TITAN,PRE_BREAKOUT,PRE_BREAKOUT,5186.75,4933.5,5946.5,5139.3,1101845,58.21,2.83,
27-08-2026,INDIAMART,PRE_BREAKOUT,PRE_BREAKOUT,1770.95,1708.6,1958.0,1755.4,106982,70.46,2.32,
27-08-2026,BALKRISIND,PRE_BREAKOUT,PRE_BREAKOUT,2393.05,2325.66,2595.22,2352.1,490664,63.77,3.27,
27-08-2026,BHEL,PRE_BREAKOUT,PRE_BREAKOUT,438.25,402.16,546.52,433.95,19967976,27.34,4.83,
27-08-2026,GRANULES,PRE_BREAKOUT,PRE_BREAKOUT,848.05,807.69,969.13,832.3,1123298,55.8,2.39,
26-08-2026,CONCOR,PRE_BREAKOUT,PRE_BREAKOUT,524.3,507.44,574.88,517.0,2059514,50.81,2.52,
26-08-2026,LICHSGFIN,PRE_BREAKOUT,PRE_BREAKOUT,526.95,506.0,589.8,524.4,6509187,49.58,2.17,
26-08-2026,ASHOKLEY,PRE_BREAKOUT,PRE_BREAKOUT,179.55,169.27,210.39,179.05,17868582,41.4,2.3,
25-08-2026,INDUSTOWER,PRE_BREAKOUT,PRE_BREAKOUT,388.65,369.03,447.51,387.25,6995675,42.84,2.01,
25-08-2026,AUBANK,PRE_BREAKOUT,PRE_BREAKOUT,1144.15,1068.26,1371.82,1128.6,5688015,54.06,3.2,
25-08-2026,DIVISLAB,PRE_BREAKOUT,PRE_BREAKOUT,8744.55,8241.93,10252.41,8744.5,563721,47.75,2.32,
25-08-2026,ADANIENT,PRE_BREAKOUT,PRE_BREAKOUT,3110.05,2901.27,3736.39,3110.0,2025912,40.25,2.53,
24-08-2026,SIEMENS,PRE_BREAKOUT,PRE_BREAKOUT,4118.25,3803.32,5063.04,4114.0,1317215,30.93,6.39,
24-08-2026,JSWSTEEL,PRE_BREAKOUT,PRE_BREAKOUT,1327.05,1258.4,1533.0,1327.0,3648206,53.11,2.13,
24-08-2026,MRF,PRE_BREAKOUT,PRE_BREAKOUT,135755.05,129325.66,155043.22,134365.0,5313,46.13,2.02,
24-08-2026,PVRINOX,PRE_BREAKOUT,PRE_BREAKOUT,1248.25,1147.41,1550.77,1231.8,864708,55.48,2.75,
24-08-2026,CONCOR,PRE_BREAKOUT,PRE_BREAKOUT,524.25,506.34,577.98,516.4,1592382,51.34,2.72,
24-08-2026,SAIL,PRE_BREAKOUT,PRE_BREAKOUT,181.01,164.02,231.98,179.65,48226622,45.21,3.93,
24-08-2026,LAURUSLABS,PRE_BREAKOUT,PRE_BREAKOUT,1810.85,1753.07,1984.19,1801.0,2894242,77.28,2.05,
24-08-2026,MUTHOOTFIN,PRE_BREAKOUT,PRE_BREAKOUT,3209.05,2936.45,4026.85,3209.0,3268593,34.18,2.98,
24-08-2026,AARTIIND,PRE_BREAKOUT,PRE_BREAKOUT,546.05,502.95,675.35,543.15,2016424,40.69,2.12,
21-08-2026,VEDL,PRE_BREAKOUT,PRE_BREAKOUT,279.75,260.08,338.76,279.0,23088301,50.02,2.57,
21-08-2026,APOLLOTYRE,PRE_BREAKOUT,PRE_BREAKOUT,442.95,417.9,518.1,439.7,1728307,72.15,2.42,
20-08-2026,AUBANK,PRE_BREAKOUT,PRE_BREAKOUT,1092.55,1030.31,1279.27,1088.0,3678931,61.41,3.63,
20-08-2026,JSWSTEEL,PRE_BREAKOUT,PRE_BREAKOUT,1310.65,1258.65,1466.65,1299.7,3416352,53.61,2.94,
20-08-2026,CROMPTON,PRE_BREAKOUT,PRE_BREAKOUT,255.3,246.0,283.2,252.0,4143736,43.29,2.82,
20-08-2026,DALBHARAT,PRE_BREAKOUT,PRE_BREAKOUT,1925.05,1795.1,2314.9,1897.0,582875,46.7,3.65,
20-08-2026,MUTHOOTFIN,PRE_BREAKOUT,PRE_BREAKOUT,2997.85,2885.82,3333.94,2970.0,2309964,28.17,3.29,
20-08-2026,BALRAMCHIN,PRE_BREAKOUT,PRE_BREAKOUT,781.0,655.05,1158.85,767.1,33514941,13.21,34.69,
20-08-2026,SBICARD,PRE_BREAKOUT,PRE_BREAKOUT,654.4,624.39,744.43,647.05,5399356,45.66,2.44,
19-08-2026,JINDALSTEL,PRE_BREAKOUT,PRE_BREAKOUT,1121.85,1052.82,1328.94,1115.0,1140894,41.3,2.39,
19-08-2026,PETRONET,PRE_BREAKOUT,PRE_BREAKOUT,291.55,272.71,348.07,288.15,5252827,59.65,2.11,
17-08-2026,JKCEMENT,PRE_BREAKOUT,PRE_BREAKOUT,5389.05,5165.0,6061.2,5340.0,54293,42.79,2.42,
17-08-2026,IPCALAB,PRE_BREAKOUT,PRE_BREAKOUT,1945.15,1805.9,2362.9,1884.6,6964903,19.38,12.23,
17-08-2026,OBEROIRLTY,PRE_BREAKOUT,PRE_BREAKOUT,1946.05,1800.18,2383.66,1931.0,1781893,29.02,5.59,
17-08-2026,BALRAMCHIN,PRE_BREAKOUT,PRE_BREAKOUT,658.75,630.7,742.9,655.75,1396378,35.37,2.1,
17-08-2026,GNFC,PRE_BREAKOUT,PRE_BREAKOUT,604.8,570.05,709.05,600.65,2023800,41.14,4.37,
14-08-2026,PETRONET,PRE_BREAKOUT,PRE_BREAKOUT,283.55,268.17,329.69,282.6,4682500,71.36,3.46,
14-08-2026,BATAINDIA,PRE_BREAKOUT,PRE_BREAKOUT,768.0,725.4,895.8,755.7,2120239,29.83,2.05,
14-08-2026,ZEEL,PRE_BREAKOUT,PRE_BREAKOUT,104.79,95.46,132.78,102.28,111249116,23.29,4.36,
14-08-2026,VOLTAS,PRE_BREAKOUT,PRE_BREAKOUT,1347.55,1290.0,1520.2,1320.5,2374305,25.52,3.55,
14-08-2026,GNFC,PRE_BREAKOUT,PRE_BREAKOUT,570.05,549.35,632.15,568.95,908144,51.43,2.72,
13-08-2026,OBEROIRLTY,PRE_BREAKOUT,PRE_BREAKOUT,1852.15,1776.3,2079.7,1846.0,824579,54.19,3.27,
13-08-2026,CONCOR,PRE_BREAKOUT,PRE_BREAKOUT,535.55,496.25,653.45,533.65,4783981,43.62,3.12,
13-08-2026,ASTRAL,PRE_BREAKOUT,PRE_BREAKOUT,1600.05,1481.12,1956.84,1592.0,12371579,14.9,54.17,
13-08-2026,JUBLFOOD,PRE_BREAKOUT,PRE_BREAKOUT,504.7,461.39,634.63,491.55,8831457,20.99,2.57,
13-08-2026,IPCALAB,PRE_BREAKOUT,PRE_BREAKOUT,1905.05,1767.7,2317.1,1796.3,1835473,18.21,10.75,
12-08-2026,AARTIIND,PRE_BREAKOUT,PRE_BREAKOUT,534.05,503.25,626.45,530.9,5378998,35.33,4.21,
12-08-2026,TATACHEM,PRE_BREAKOUT,PRE_BREAKOUT,708.95,663.0,846.8,673.15,2753913,24.09,2.75,
12-08-2026,NATIONALUM,PRE_BREAKOUT,PRE_BREAKOUT,422.25,386.17,530.49,420.0,34388331,32.01,5.14,
12-08-2026,BERGEPAINT,PRE_BREAKOUT,PRE_BREAKOUT,564.95,535.9,652.1,559.8,1847256,41.21,2.77,
12-08-2026,BHEL,PRE_BREAKOUT,PRE_BREAKOUT,420.25,403.25,471.25,420.0,14607097,38.74,2.4,
12-08-2026,PNB,PRE_BREAKOUT,PRE_BREAKOUT,119.55,112.77,139.89,118.98,51235935,33.25,4.35,
11-08-2026,DRREDDY,PRE_BREAKOUT,PRE_BREAKOUT,1206.65,1154.03,1364.51,1205.0,3936813,55.62,2.39,
11-08-2026,NAUKRI,PRE_BREAKOUT,PRE_BREAKOUT,1391.05,1270.01,1754.17,1360.0,9948602,38.07,4.93,
11-08-2026,SIEMENS,PRE_BREAKOUT,PRE_BREAKOUT,4040.05,3748.76,4913.92,4011.0,1266007,16.67,2.93,
11-08-2026,BOSCHLTD,PRE_BREAKOUT,PRE_BREAKOUT,45750.05,42660.67,55018.19,45185.0,150509,21.16,3.26,
10-08-2026,GRASIM,PRE_BREAKOUT,PRE_BREAKOUT,3411.15,3199.71,4045.47,3380.5,2568033,63.12,3.9,
10-08-2026,TATAPOWER,PRE_BREAKOUT,PRE_BREAKOUT,382.45,367.68,426.76,382.0,5099549,51.51,2.29,
10-08-2026,INDIAMART,PRE_BREAKOUT,PRE_BREAKOUT,1812.25,1755.0,1984.0,1782.7,264184,60.06,2.29,
10-08-2026,TITAN,PRE_BREAKOUT,PRE_BREAKOUT,5122.25,4835.87,5981.39,5090.0,3664718,32.61,3.91,
10-08-2026,NAUKRI,PRE_BREAKOUT,PRE_BREAKOUT,1298.55,1187.32,1632.24,1282.0,5801604,39.4,5.55,
10-08-2026,RAMCOCEM,PRE_BREAKOUT,PRE_BREAKOUT,989.35,920.0,1197.4,953.75,1690958,18.24,14.03,
07-08-2026,SBIN,PRE_BREAKOUT,PRE_BREAKOUT,1124.55,1062.34,1311.18,1097.2,29410622,33.79,2.8,
07-08-2026,BRITANNIA,PRE_BREAKOUT,PRE_BREAKOUT,5660.05,5329.62,6651.34,5510.0,1342849,35.64,4.06,
07-08-2026,MOTHERSON,PRE_BREAKOUT,PRE_BREAKOUT,169.85,154.6,215.6,168.5,115582755,26.3,4.49,
07-08-2026,HEROMOTOCO,PRE_BREAKOUT,PRE_BREAKOUT,5800.05,5407.91,6976.47,5725.0,1914675,34.89,2.51,
07-08-2026,GRASIM,PRE_BREAKOUT,PRE_BREAKOUT,3349.65,3145.42,3962.34,3323.0,1071215,45.42,2.12,
06-08-2026,HAL,PRE_BREAKOUT,PRE_BREAKOUT,4950.05,4653.13,5840.81,4920.0,4796689,45.88,7.58,
06-08-2026,SHRIRAMFIN,PRE_BREAKOUT,PRE_BREAKOUT,1153.75,1062.31,1428.07,1141.0,12605459,64.14,2.17,
06-08-2026,CUMMINSIND,PRE_BREAKOUT,PRE_BREAKOUT,5455.05,5175.0,6295.2,5402.0,2063594,45.56,6.0,
06-08-2026,AUBANK,PRE_BREAKOUT,PRE_BREAKOUT,1105.95,1019.85,1364.25,1087.6,4756035,46.34,3.6,
06-08-2026,BIOCON,PRE_BREAKOUT,PRE_BREAKOUT,442.55,414.5,526.7,436.6,10929015,25.93,3.32,
06-08-2026,NAVINFLUOR,PRE_BREAKOUT,PRE_BREAKOUT,8775.55,7834.5,11598.7,8650.0,3853522,14.78,24.43,
05-08-2026,BATAINDIA,PRE_BREAKOUT,PRE_BREAKOUT,747.55,710.05,860.05,730.05,1729949,41.65,4.3,
05-08-2026,BERGEPAINT,PRE_BREAKOUT,PRE_BREAKOUT,555.05,525.1,644.9,545.2,1408654,25.9,3.23,
05-08-2026,APOLLOTYRE,PRE_BREAKOUT,PRE_BREAKOUT,451.85,439.6,488.6,444.9,1966641,43.96,2.74,
05-08-2026,BOSCHLTD,PRE_BREAKOUT,PRE_BREAKOUT,43650.05,40728.52,52414.64,42920.0,116771,23.47,4.75,
05-08-2026,JUBLFOOD,PRE_BREAKOUT,PRE_BREAKOUT,495.35,455.45,615.05,485.0,12392227,46.83,4.44,
05-08-2026,POONAWALLA,PRE_BREAKOUT,PRE_BREAKOUT,487.55,471.45,535.85,480.75,2455900,53.77,2.05,
05-08-2026,NTPC,PRE_BREAKOUT,PRE_BREAKOUT,349.95,337.46,387.42,349.9,18554536,46.25,2.34,
04-08-2026,SIEMENS,PRE_BREAKOUT,PRE_BREAKOUT,4073.85,3746.8,5055.0,4000.5,1107988,22.99,2.82,
03-08-2026,BATAINDIA,PRE_BREAKOUT,PRE_BREAKOUT,716.05,693.1,784.9,709.65,600705,57.08,3.49,
03-08-2026,NATIONALUM,PRE_BREAKOUT,PRE_BREAKOUT,369.05,334.47,472.79,369.0,12541474,34.71,2.36,
03-08-2026,ABB,PRE_BREAKOUT,PRE_BREAKOUT,7657.05,7243.0,8899.2,7601.0,1207164,42.36,3.14,
03-08-2026,DIVISLAB,PRE_BREAKOUT,PRE_BREAKOUT,8585.05,8033.14,10240.78,8585.0,1798150,31.92,2.53,
03-08-2026,IRCTC,PRE_BREAKOUT,PRE_BREAKOUT,517.55,493.0,591.2,513.5,2801518,41.2,3.71,
03-08-2026,MANAPPURAM,PRE_BREAKOUT,PRE_BREAKOUT,371.05,349.96,434.32,365.0,17549652,59.68,3.21,
03-08-2026,MUTHOOTFIN,PRE_BREAKOUT,PRE_BREAKOUT,2928.05,2671.0,3699.2,2890.9,8573629,39.13,10.64,
03-08-2026,JUBLFOOD,PRE_BREAKOUT,PRE_BREAKOUT,470.85,433.22,583.74,470.0,6073943,30.8,3.14,
03-08-2026,ESCORTS,PRE_BREAKOUT,PRE_BREAKOUT,3150.05,3043.4,3470.0,3135.5,678771,20.65,4.34,
03-08-2026,BALRAMCHIN,PRE_BREAKOUT,PRE_BREAKOUT,665.55,594.0,880.2,646.8,3161974,27.53,12.47,
03-08-2026,IOC,PRE_BREAKOUT,PRE_BREAKOUT,145.25,136.01,172.97,143.7,17986947,39.31,2.36,
03-08-2026,ITC,PRE_BREAKOUT,PRE_BREAKOUT,292.6,278.17,335.89,287.0,45392755,36.68,2.57,
